horizonte_dias,alvo_retorno,total_venda,total_neutro,total_compra,EV_Compra,EV_Venda,accuracy,venda_precision,venda_recall,venda_f1,neutro_precision,neutro_recall,neutro_f1,compra_precision,compra_recall,compra_f1,macro_avg_f1,weighted_avg_f1
15,0.03,9785,1982,13093,0.004155844155844156,-0.006728971962616822,0.44103092783505154,0.3878504672897196,0.417551704863052,0.40215343203230147,0.1254071661237785,0.16666666666666666,0.14312267657992564,0.5692640692640693,0.5059638322431704,0.5357506620492972,0.3603422568871748,0.4490703375570797
15,0.05,7274,7252,10334,-0.007270194986072422,-0.02534626038781164,0.362680412371134,0.24653739612188366,0.23056994818652848,0.23828647925033467,0.36764705882352944,0.4200463499420626,0.39210383991346676,0.42729805013927574,0.3901322482197355,0.407870247274661,0.3460868554794874,0.36176904676381744
15,0.07,4996,12459,7405,-0.027839080459770113,-0.04844632768361583,0.44969072164948454,0.153954802259887,0.17138364779874213,0.16220238095238096,0.5918223475502291,0.5860383944153578,0.5889161697649947,0.30114942528735633,0.29132690882134915,0.2961567445365486,0.34909176508464146,0.4515301008334491
15,0.1,2730,17833,4297,-0.06657223796033995,-0.09036144578313253,0.6154639175257732,0.04819277108433735,0.04838709677419355,0.0482897384305835,0.7893845285149633,0.730216766779838,0.7586487586487587,0.1671388101983003,0.22897800776196636,0.19323144104803494,0.3333899793757924,0.6322082177169098
15,0.15,909,22267,1684,-0.1282383419689119,-0.15,0.8268041237113402,0.0,0.0,0.0,0.9378397541952257,0.8747795414462081,0.9052127295540093,0.07253886010362694,0.15613382899628253,0.09905660377358491,0.33475644444253144,0.852101271684965
15,0.2,390,23697,773,-0.19310344827586207,-0.2,0.945979381443299,0.0,0.0,0.0,0.9753296469587409,0.9697610488475364,0.9725373767362951,0.017241379310344827,0.017391304347826087,0.017316017316017316,0.3299511313507708,0.9486846590880993
15,0.25,187,24235,438,-0.25,-0.25,0.9797938144329897,0.0,0.0,0.0,0.9865061241436579,0.993103448275862,0.9897937929598001,0.0,0.0,0.0,0.32993126431993336,0.9765285153221944
15,0.3,83,24546,231,-0.3,-0.3,0.9896907216494846,0.0,0.0,0.0,0.9935831090871455,0.9960572732932144,0.9948186528497409,0.0,0.0,0.0,0.3316062176165803,0.9884600181614229
15,0.4,21,24777,62,-0.4,-0.4,0.9987628865979381,0.0,0.0,0.0,0.9987628865979381,1.0,0.9993810604497627,0.0,0.0,0.0,0.3331270201499209,0.9981447127461135
15,0.5,12,24819,29,-0.5,-0.5,1.0,0.0,0.0,0.0,1.0,1.0,1.0,0.0,0.0,0.0,0.3333333333333333,1.0
30,0.03,10293,237,14180,0.005389507154213038,-0.004960914010823813,0.5288381742738589,0.4173180998196031,0.3501513622603431,0.38079561042524007,0.0,0.0,0.0,0.589825119236884,0.6636851520572451,0.6245791245791246,0.3351249116681216,0.5187625628758255
30,0.05,9076,2067,13567,0.005362721277334261,-0.01808669656203288,0.4298755186721992,0.31913303437967117,0.2616421568627451,0.28754208754208754,0.08319467554076539,0.09746588693957114,0.08976660682226212,0.5536272127733426,0.5962616822429907,0.574154067674586,0.31715425401297853,0.4255562421572666
30,0.07,7329,5652,11729,-0.0038360985419809007,-0.04009876543209877,0.3394190871369295,0.21358024691358024,0.3142597638510445,0.2543182653436237,0.28901734104046245,0.24734982332155478,0.26656511805026656,0.4725992961287079,0.4079861111111111,0.4379221989284882,0.31960186077412617,0.34567775902815223
30,0.1,4914,11160,8636,-0.03646915088576664,-0.07335766423357665,0.41203319502074687,0.1332116788321168,0.13012477718360071,0.13165013525698827,0.5286527514231499,0.5266540642722117,0.5276515151515152,0.3176542455711668,0.322180916976456,0.3199015687480775,0.3264010730521936,0.41199483722288904
30,0.15,2208,17848,4654,-0.1153225806451613,-0.1467032967032967,0.5883817427385892,0.01098901098901099,0.01910828025477707,0.013953488372093023,0.7881084232002332,0.6961894953656025,0.7393028024606972,0.11559139784946236,0.16559691912708602,0.13614775725593667,0.2964680160295756,0.6181954118950501
30,0.2,1064,21095,2551,-0.1892436974789916,-0.2,0.7821576763485477,0.0,0.0,0.0,0.8989463601532567,0.8566864445458695,0.8773077821921009,0.02689075630252101,0.03902439024390244,0.031840796019900496,0.30304952607066715,0.8002940721854659
30,0.25,584,22696,1430,-0.23691860465116277,-0.25,0.8844398340248962,0.0,0.0,0.0,0.9527435610302352,0.9247826086956522,0.9385548814120243,0.02616279069767442,0.0410958904109589,0.03197158081705151,0.3235088207430253,0.8971689275299264
30,0.3,322,23494,894,-0.29752066115702475,-0.3,0.9159751037344398,0.0,0.0,0.0,0.965230701946206,0.9472103004291845,0.9561356005631972,0.004132231404958678,0.00625,0.004975124378109453,0.3203702416471022,0.9245618088226133
30,0.4,80,24203,427,-0.4,-0.4,0.9713692946058091,0.0,0.0,0.0,0.9790882475951485,0.9919491525423729,0.9854767417385814,0.0,0.0,0.0,0.3284922472461938,0.9650311661838389
30,0.5,27,24512,171,-0.5,-0.5,0.9929460580912863,0.0,0.0,0.0,0.9931521062461092,0.9997911008982662,0.9964605454924006,0.0,0.0,0.0,0.33215351516413355,0.9896383052431789
90,0.03,10040,0,14070,0.005259678942398489,-0.00474720945502298,0.5336170212765957,0.4208798424162837,0.3285494618144541,0.3690270581462291,0.0,0.0,0.0,0.5876613157066415,0.6791560567479084,0.6301046236922039,0.33304389394614436,0.5217296597815237
90,0.05,9499,35,14576,0.011472246957554166,-0.007776108189331332,0.5602127659574468,0.4222389181066867,0.3021505376344086,0.3522406769037919,0.0,0.0,0.0,0.6147224695755417,0.7302538787023978,0.6675261885576148,0.33992228848713557,0.5421855169766912
90,0.07,8818,401,14891,0.01851975887474883,-0.020271293375394333,0.5214893617021277,0.35520504731861197,0.3373277411623727,0.34603564843269824,0.0,0.0,0.0,0.6322839919624916,0.6393498137487301,0.6357972722680586,0.3272776402335856,0.5223495409025001
90,0.1,7732,2146,14232,0.02392523364485981,-0.0277987421383648,0.5059574468085106,0.3610062893081761,0.21725965177895534,0.2712665406427221,0.14676258992805755,0.17465753424657535,0.1594996090695856,0.6196261682242991,0.7116279069767442,0.6624479600333055,0.36440470324853774,0.49000700429335375
90,0.15,5069,6963,12078,-0.001972242512783051,-0.08390501319261212,0.4251063829787234,0.22031662269129287,0.2976827094474153,0.2532221379833207,0.39867109634551495,0.25806451612903225,0.3133159268929504,0.49342585829072316,0.5928038613426941,0.5385688658560893,0.3683689769107868,0.415366742279906
90,0.2,3190,11623,9297,-0.03995633187772926,-0.15015772870662464,0.4542553191489362,0.12460567823343849,0.4114583333333333,0.19128329297820823,0.5922112802148612,0.4772727272727273,0.5285657211346384,0.40010917030567683,0.42223502304147464,0.4108744394618834,0.3769078178582433,0.4713167230091198
90,0.25,2155,15127,6828,-0.11884715025906735,-0.19407158836689037,0.4968085106382979,0.11185682326621924,0.5376344086021505,0.18518518518518517,0.6939830195644149,0.56797583081571,0.6246884864595448,0.2623056994818653,0.31225905936777176,0.28511087645195354,0.3649948493655611,0.5222829615237232
90,0.3,1395,17731,4984,-0.23549060542797493,-0.22380952380952382,0.614468085106383,0.12698412698412698,0.48,0.200836820083682,0.7770897832817337,0.7360703812316716,0.7560240963855421,0.10751565762004175,0.11457174638487208,0.11093161012385568,0.3559308421976933,0.626726754052702
90,0.4,562,20744,2804,-0.37681159420289856,-0.4,0.7612765957446809,0.0,0.0,0.0,0.8846918489065606,0.8442020393644771,0.863972818832666,0.028985507246376812,0.037267080745341616,0.03260869565217391,0.29886050482827997,0.7785368887270963
90,0.5,192,22188,1730,-0.48554913294797686,-0.5,0.8497872340425532,0.0,0.0,0.0,0.9195481788842784,0.9178554993097101,0.9187010594196223,0.014450867052023121,0.014124293785310734,0.014285714285714285,0.31099559123511217,0.8505812653393237
180,0.03,9688,0,13522,0.005019667170953104,-0.004716049382716048,0.5400442477876106,0.4213991769547325,0.2711864406779661,0.3300032226877216,0.0,0.0,0.0,0.5836611195158851,0.73290273556231,0.6498231430015159,0.3266087885630791,0.5162346453129221
180,0.05,9182,0,14028,0.012006802721088436,-0.005632911392405068,0.5584070796460177,0.44367088607594934,0.3855885588558856,0.4125956444967628,0.0,0.0,0.0,0.6200680272108844,0.6746854182087343,0.6462247429989365,0.35294012916523315,0.5522562250615578
180,0.07,8697,0,14513,0.021266149870801037,-0.009006073992269464,0.5652654867256637,0.43567090005521814,0.45554272517321015,0.445385266723116,0.0,0.0,0.0,0.6519010705057217,0.633428981348637,0.6425322903401856,0.36263918568776715,0.5669883423524058
180,0.1,8119,167,14924,0.04143152099105299,-0.011111111111111113,0.6130530973451327,0.4444444444444444,0.47198417930125247,0.4578005115089514,0.0,0.0,0.0,0.7071576049552649,0.6985044187627464,0.7028043775649795,0.386868296357977,0.6110915607865596
180,0.15,6115,1808,15287,0.05755260882098586,-0.0487075928917609,0.5860619469026549,0.3376413570274637,0.2345679012345679,0.2768211920529801,0.09259259259259259,0.07220216606498195,0.08113590263691683,0.6918420294032862,0.7804878048780488,0.7334963325183375,0.36381780906941147,0.563517299706625
180,0.2,4636,4565,14009,0.07183762232693004,-0.08471411901983662,0.5152654867256637,0.2882147024504084,0.5167364016736402,0.3700374531835206,0.22898230088495575,0.16626506024096385,0.19264774313634248,0.6795940558173251,0.6703611011798355,0.6749460043196545,0.41254373354650586,0.5098558223248989
180,0.25,3612,7741,11857,0.013632550335570481,-0.16468253968253965,0.3787610619469027,0.17063492063492064,0.3654390934844193,0.23264201983769162,0.23623188405797102,0.1853325753268903,0.20770946161197834,0.527265100671141,0.5220099667774086,0.5246243739565943,0.32165861846875476,0.3784909443508085
180,0.3,2520,10706,9984,-0.04128193635141192,-0.2813031161473088,0.4086283185840708,0.031161473087818695,0.05583756345177665,0.04,0.45144628099173556,0.3767241379310345,0.4107142857142857,0.4311967727476468,0.4802795806290564,0.454416627302787,0.3017103043390242,0.413923373306333
180,0.4,1256,14978,6976,-0.2552952202436739,-0.4,0.5272123893805309,0.0,0.0,0.0,0.6680902989627822,0.6799130704750077,0.6739498384366825,0.18088097469540768,0.15101721439749607,0.1646055437100213,0.27951846071556796,0.5268049368287526
180,0.5,575,17553,5082,-0.39603960396039606,-0.5,0.6269911504424779,0.0,0.0,0.0,0.7801600914808462,0.7484914975315414,0.7639977603583427,0.10396039603960396,0.12013729977116705,0.11146496815286625,0.2918209095037363,0.6378221717770182
360,0.03,8918,0,12492,0.0025107045543012827,-0.00047140163419233383,0.5228365384615384,0.49214330609679446,0.39948979591836736,0.4410025344973247,0.0,0.0,0.0,0.5418450759050214,0.6327272727272727,0.583770182428182,0.3415909056418356,0.5165046559992204
360,0.05,8429,0,12981,0.0074109536576024496,0.0025500322788895996,0.5560096153846154,0.525500322788896,0.4226375908618899,0.4684892086330935,0.0,0.0,0.0,0.5741095365760245,0.6709937332139659,0.618782249742002,0.36242381945836516,0.549199461959368
360,0.07,8025,0,13385,0.012605363984674326,0.0033108108108108186,0.5569711538461538,0.5236486486486487,0.5589902112313241,0.5407425865935709,0.0,0.0,0.0,0.5900383141762452,0.555205047318612,0.572091943348038,0.3709448433138696,0.5574647554969754
360,0.1,7641,0,13769,0.024891774891774895,0.022622478386167155,0.6206730769230769,0.6131123919308358,0.44978858350951373,0.5189024390243903,0.0,0.0,0.0,0.6244588744588745,0.7632275132275133,0.6869047619047619,0.4019357336430507,0.6104960131332083
360,0.15,6384,326,14700,0.03835812356979406,0.026470588235294128,0.6213942307692307,0.5882352941176471,0.24268823895457373,0.3436123348017621,0.0,0.0,0.0,0.6278604118993135,0.8940936863543788,0.7376911443454881,0.3604344930490834,0.5680809570660108
360,0.2,5759,1066,14585,0.0613700344072568,-0.0194607268464244,0.6004807692307692,0.451348182883939,0.2963818321785989,0.35780669144981414,0.21818181818181817,0.05783132530120482,0.09142857142857143,0.653425086018142,0.8540474243663123,0.7403863193336877,0.3965405274040244,0.5561823765447995
360,0.25,5036,2272,14102,0.0833911836167997,-0.07405566600397616,0.5502403846153846,0.3518886679920477,0.1671388101983003,0.2266325224071703,0.24613402061855671,0.2567204301075269,0.2513157894736842,0.6667823672335994,0.8150190920661858,0.7334860633829706,0.403811458421275,0.5182234230748259
360,0.3,3888,3827,13695,0.07685950413223142,-0.2252225519287834,0.5322115384615385,0.12462908011869436,0.06,0.08100289296046287,0.4076923076923077,0.3402889245585875,0.37095363079615046,0.628099173553719,0.7895212285456188,0.6996197718631179,0.3838587652065771,0.49708375575703617
360,0.4,1935,7099,12376,0.003528114663726545,-0.22499999999999998,0.5134615384615384,0.21875,0.024054982817869417,0.043343653250773995,0.5246326707000865,0.6036797613127797,0.5613872832369943,0.5044101433296582,0.492465016146394,0.49836601307189543,0.36769898318655453,0.4970016543204693
360,0.5,993,10029,10388,0.03441295546558709,-0.4565217391304348,0.6026442307692308,0.043478260869565216,0.0078125,0.013245033112582781,0.6213191990577149,0.8552898256992298,0.7197680368412076,0.5344129554655871,0.25303514376996805,0.3434518647007806,0.35882164488485696,0.5564579998515363
720,0.03,7264,0,10546,0.0007161803713527891,-0.005768488745980705,0.4630813953488372,0.40385852090032154,0.40568475452196384,0.40476957782790846,0.0,0.0,0.0,0.5119363395225465,0.5100422832980972,0.5109875562615833,0.3052523780298306,0.4631894659664296
720,0.05,6815,0,10995,0.006787762906309745,-0.013907284768211927,0.5497093023255814,0.3609271523178808,0.07440273037542662,0.12337294850028296,0.0,0.0,0.0,0.5678776290630975,0.9022784810126582,0.6970467435947585,0.27347323069834717,0.4527350837652799
720,0.07,6406,0,11404,0.013946102021174214,-0.028823529411764706,0.5709302325581396,0.29411764705882354,0.07073715562174236,0.11404561824729892,0.0,0.0,0.0,0.5996150144369586,0.8912732474964234,0.716915995397008,0.27698720454810233,0.4815511940853629
720,0.1,6078,0,11732,0.02598622417031935,-0.05365853658536586,0.601453488372093,0.23170731707317074,0.04600484261501211,0.07676767676767676,0.0,0.0,0.0,0.6299311208515967,0.9141299409359382,0.7458758109360519,0.2742144959012429,0.5048801777283145
720,0.15,5124,0,12686,0.040698365527488845,-0.07399999999999998,0.6273255813953489,0.25333333333333335,0.015261044176706828,0.02878787878787879,0.0,0.0,0.0,0.6356612184249628,0.9744874715261959,0.7694244604316547,0.2660707797398445,0.5013743022495323
720,0.2,4942,62,12806,0.02556299452221547,-0.07532467532467535,0.5526162790697674,0.3116883116883117,0.03382663847780127,0.06102987921169739,0.0,0.0,0.0,0.5639074863055387,0.9458907605921388,0.7065776930409914,0.25586919075089626,0.4275543893222967
720,0.25,4693,204,12913,0.024111675126903542,-0.013736263736263743,0.5462209302325581,0.4725274725274725,0.0314787701317716,0.059025394646533974,0.0,0.0,0.0,0.5482233502538071,0.9750398300584174,0.7018348623853211,0.25362008567728506,0.40761155086009454
720,0.3,3977,546,13287,0.04117647058823526,-0.10540540540540538,0.5633720930232559,0.32432432432432434,0.023099133782483156,0.0431266846361186,0.0,0.0,0.0,0.5686274509803921,0.9770290964777948,0.7188732394366197,0.2539999746909128,0.42240735505618177
720,0.4,2283,2435,13092,0.01076504384638649,-0.21679389312977104,0.5023255813953489,0.22900763358778625,0.05385996409335727,0.0872093023255814,0.0,0.0,0.0,0.5134563048079831,0.9598643301300169,0.6690307328605201,0.2520800117287005,0.35816597320511884
720,0.5,1063,4195,12552,-0.07654202620645575,-0.5,0.4305232558139535,0.0,0.0,0.0,0.5016077170418006,0.09154929577464789,0.15483870967741936,0.4234579737935443,0.9056732740943267,0.5770905923344948,0.2439764340039714,0.3221304354289792
1800,0.03,2733,0,4277,0.013218750000000001,-0.03,0.7203125,0.0,0.0,0.0,0.0,0.0,0.0,0.7203125,1.0,0.8374205267938238,0.2791401755979413,0.6032044732061762
1800,0.05,2575,0,4435,0.02725490196078432,0.009999999999999995,0.771875,0.6,0.010238907849829351,0.020134228187919462,0.0,0.0,0.0,0.7725490196078432,0.9979736575481256,0.8709106984969054,0.2970149755616083,0.6761626470902391
1800,0.07,2403,0,4607,0.048393700787401586,-0.028,0.84140625,0.3,0.01507537688442211,0.028708133971291867,0.0,0.0,0.0,0.8456692913385827,0.9935245143385754,0.9136537643555933,0.3141206327756284,0.7760723733817839
1800,0.1,2279,0,4731,0.08638497652582161,-0.1,0.93046875,0.0,0.0,0.0,0.0,0.0,0.0,0.931924882629108,0.9983235540653814,0.9639821934439499,0.32132739781465,0.8984615287333064
1800,0.15,1548,0,5462,0.14129411764705882,-0.15,0.9671875,0.0,0.0,0.0,0.0,0.0,0.0,0.9709803921568627,0.99597747385358,0.9833200953137411,0.3277733651045804,0.9548959988085782
1800,0.2,1111,0,5899,0.18780297107114935,-0.2,0.96875,0.0,0.0,0.0,0.0,0.0,0.0,0.9695074276778733,0.9991941982272361,0.9841269841269841,0.328042328042328,0.954141865079365
1800,0.25,846,0,6164,0.236328125,-0.25,0.97265625,0.0,0.0,0.0,0.0,0.0,0.0,0.97265625,1.0,0.9861386138613861,0.3287128712871287,0.9591738861386139
1800,0.3,645,0,6365,0.27375,-0.3,0.95625,0.0,0.0,0.0,0.0,0.0,0.0,0.95625,1.0,0.9776357827476039,0.3258785942492013,0.9348642172523961
1800,0.4,445,390,6175,0.3270247229326513,-0.4,0.84140625,0.0,0.0,0.0,0.102803738317757,0.12359550561797752,0.11224489795918367,0.9087809036658141,0.9197584124245038,0.9142367066895368,0.3421605348829068,0.835617296071516
1800,0.5,296,620,6094,0.4030448717948718,-0.5,0.884375,0.0,0.0,0.0,0.15625,0.03968253968253968,0.06329113924050633,0.9030448717948718,0.9766031195840554,0.9383846794338052,0.33389193955810387,0.8522426590710275
