alvo_retorno,horizonte_dias,accuracy,venda_precision,venda_recall,venda_f1,neutro_precision,neutro_recall,neutro_f1,compra_precision,compra_recall,compra_f1,macro_avg_f1,weighted_avg_f1,runtime_seconds
0.01,3,0.37201225740551586,0.41533546325878595,0.4047742605085625,0.4099868593955322,0.16757599376461418,0.31946508172362553,0.2198364008179959,0.47635524798154555,0.3599128540305011,0.41002730206006455,0.3466168540911975,0.38386256057886614,25.3
0.01,4,0.41370143149284255,0.4356338717572198,0.43266893534273215,0.43414634146341463,0.096569250317662,0.20652173913043478,0.1316017316017316,0.5131067961165049,0.4288032454361055,0.46718232044198893,0.3443101311690451,0.4280312641123075,18.7
0.01,5,0.45439672801635994,0.4412037037037037,0.44741784037558685,0.4442890442890443,0.06904761904761905,0.1380952380952381,0.09206349206349207,0.5367965367965368,0.48627450980392156,0.5102880658436214,0.3488802007320526,0.4635794612618062,19.0
0.01,6,0.48302658486707567,0.453971119133574,0.461044912923923,0.4574806730331969,0.05555555555555555,0.10476190476190476,0.07260726072607261,0.5432148626817448,0.5167114867460623,0.5296318172868675,0.35323991701537905,0.4876233561006931,18.9
0.01,7,0.4886386898669396,0.45442477876106196,0.46597096188747733,0.46012544802867383,0.023076923076923078,0.05084745762711865,0.031746031746031744,0.5438877755511022,0.5175438596491229,0.5303888997459449,0.3407534598402169,0.4926651378632714,19.0
0.01,8,0.49518935516888435,0.45339721254355403,0.4708276797829037,0.46194808076325716,0.028985507246376812,0.0625,0.039603960396039604,0.546031746031746,0.5208175624526874,0.5331266950794266,0.34489291207957445,0.4976776380143459,18.6
0.01,9,0.5028688524590164,0.4573875802997859,0.4832579185520362,0.46996699669966996,0.0,0.0,0.0,0.5506555423122765,0.5228215767634855,0.5363777089783281,0.33544823522599937,0.5042140100835694,20.0
0.01,10,0.5018442622950819,0.4548581255374033,0.47873303167420816,0.46649029982363316,0.047619047619047616,0.1,0.06451612903225806,0.548756415317805,0.5225563909774437,0.5353360292701714,0.35544748604202087,0.5031931479014771,18.3
0.01,11,0.4985655737704918,0.4523809523809524,0.481447963800905,0.46646207803594913,0.0,0.0,0.0,0.5460710011966494,0.5136960600375234,0.5293890177880897,0.3319503652746796,0.5003489600132596,17.7
0.01,12,0.5044102564102564,0.4548985757444972,0.4782214156079855,0.46626852466268526,0.0,0.0,0.0,0.5507644061152489,0.5262172284644194,0.5382110706761157,0.33482653177960037,0.5055752588844692,17.2
0.01,13,0.5021538461538462,0.45241143832693126,0.48159927305770106,0.4665492957746479,0.0,0.0,0.0,0.5497029702970297,0.5190725504861631,0.5339488363146759,0.3334993773631079,0.5035188078575268,16.6
0.01,16,0.5086242299794661,0.4602224123182207,0.4875396465790666,0.47348734873487347,0.0,0.0,0.0,0.5535361517186883,0.5260983852797597,0.5394686176357335,0.3376519887902023,0.5095670446451384,16.3
0.01,17,0.5044193216855087,0.45684843280377846,0.481447963800905,0.4688257325402071,0.0,0.0,0.0,0.5483234714003945,0.5235404896421846,0.535645472061657,0.334823734867288,0.5052915924434855,16.8
0.01,18,0.5085303186022611,0.46068904593639576,0.47151898734177217,0.46604110813226096,0.0,0.0,0.0,0.550596383224317,0.5393893705239352,0.544935262757045,0.3369921236297686,0.5090639636758483,16.5
0.01,19,0.5047325102880659,0.4589810017271157,0.4796931407942238,0.46910856134157103,0.0,0.0,0.0,0.5468135326514555,0.5257186081694403,0.5360586193598149,0.335055726900462,0.5055315970206321,16.7
0.01,20,0.5109053497942386,0.46500437445319337,0.4796931407942238,0.4722345624167037,0.0,0.0,0.0,0.552099533437014,0.5370650529500757,0.5444785276073619,0.33890436334135526,0.511537657882568,17.1
0.02,3,0.44126659856996936,0.2854715378079864,0.2891566265060241,0.28730226592560926,0.5210918114143921,0.6706204379562044,0.5864751645721125,0.39464882943143814,0.22972096041531473,0.2904019688269073,0.3880597997748763,0.42224887185084625,20.7
0.02,4,0.39304703476482616,0.33459214501510576,0.31530249110320285,0.3246610480029315,0.40899711101939745,0.6002422774076317,0.48649975454099165,0.42694663167104113,0.26608505997818976,0.32784682566341955,0.3796692094024476,0.3804971258605332,19.5
0.02,5,0.3721881390593047,0.3578042328042328,0.3443666454487588,0.35095686020110284,0.3278443113772455,0.5218427323272439,0.40269690468893654,0.45269286754002913,0.30194174757281556,0.36225975538730343,0.37197117342578095,0.36903961686649256,19.3
0.02,6,0.3707566462167689,0.37667071688942894,0.3651354534746761,0.3708133971291866,0.2694610778443114,0.45685279187817257,0.3389830508474576,0.4720457433290978,0.33665609424558224,0.3930177201798466,0.3676047227188303,0.3744232232816004,20.0
0.02,7,0.3721596724667349,0.392303273980471,0.3788130892956184,0.38544018058690743,0.21458333333333332,0.40234375,0.2798913043478261,0.4847417840375587,0.35695764909248057,0.41114982578397213,0.3588271035729019,0.38102474190408103,19.5
0.02,8,0.38178096212896623,0.40348101265822783,0.4073482428115016,0.40540540540540543,0.17255892255892255,0.3451178451178451,0.23007856341189675,0.4969461410327596,0.370907583920431,0.4247745609871856,0.35341950993482923,0.3936538451750454,19.6
0.02,9,0.4045081967213115,0.41741424802110816,0.408363448631905,0.41283924843423797,0.13052415210688592,0.2803532008830022,0.17812061711079943,0.5248508946322068,0.42409638554216866,0.4691248334073745,0.3533615663174707,0.41977030716243313,19.6
0.02,10,0.4184426229508197,0.4133937562940584,0.4156962025316456,0.41454178237818734,0.10052910052910052,0.21468926553672316,0.13693693693693693,0.5355472404115996,0.448843590748726,0.48837705267647685,0.346618590663867,0.4330011387807967,20.0
0.02,11,0.43975409836065577,0.4240231548480463,0.43622828784119105,0.4300391389432485,0.061452513966480445,0.12643678160919541,0.08270676691729323,0.5436123348017621,0.4738863287250384,0.5063602790315962,0.33970206163071265,0.4521880118308065,19.4
0.02,12,0.4654358974358974,0.42641509433962266,0.4444444444444444,0.43524313914299473,0.04573170731707317,0.07425742574257425,0.05660377358490566,0.5562422744128553,0.5115574081091322,0.5329648637978681,0.3416039255085895,0.47245390417304123,28.0
0.02,13,0.4793846153846154,0.43117593436645396,0.46101364522417154,0.44559585492227977,0.02531645569620253,0.0410958904109589,0.031331592689295036,0.5666939443535188,0.5173701905117669,0.5409099785198204,0.3392791420437984,0.48552884499091575,45.5
0.02,14,0.484394250513347,0.4266848816029144,0.4552964042759961,0.4405265632346027,0.028735632183908046,0.043478260869565216,0.03460207612456748,0.5668,0.5253985910270671,0.5453146045795652,0.3401477479795784,0.488972565593886,47.0
0.02,15,0.49917864476386037,0.43496120492925605,0.4603864734299517,0.4473128373621216,0.02608695652173913,0.03614457831325301,0.030303030303030304,0.5752730109204368,0.5428781744571218,0.5586063245597425,0.34540739740829807,0.5022969422348179,50.4
0.02,16,0.5053388090349076,0.4385727190605239,0.4663784822286263,0.452048417132216,0.014285714285714285,0.014925373134328358,0.014598540145985401,0.5757927300850735,0.5472252848217567,0.5611456566798568,0.3425975379860194,0.5069856752535822,43.9
0.02,17,0.5149023638232272,0.44716897012929113,0.4801340354236477,0.4630655586334257,0.0,0.0,0.0,0.5837543723280217,0.5522058823529412,0.5675420366521822,0.34353586509520256,0.5161476447439182,47.0
0.02,18,0.5109969167523124,0.4417989417989418,0.47782546494992845,0.45910652920962197,0.0,0.0,0.0,0.5805946791862285,0.5445871559633028,0.5620147699299375,0.34037376637985317,0.5126899567958185,43.0
0.02,19,0.5051440329218106,0.4396887159533074,0.4829059829059829,0.46028513238289204,0.0,0.0,0.0,0.5704085680285601,0.5286764705882353,0.5487502385041023,0.3363451236289981,0.5065763657468166,40.6
0.02,20,0.505761316872428,0.4397007042253521,0.4723404255319149,0.4554365169819922,0.0,0.0,0.0,0.5674834694671335,0.5363970588235294,0.5515025515025515,0.33564635616151456,0.5068590891983237,40.4
0.03,3,0.610214504596527,0.20730117340286833,0.2484375,0.2260127931769723,0.7441021371079656,0.801255230125523,0.7716218160886459,0.28,0.1617161716171617,0.20502092050209206,0.4008851765892367,0.5950681922374408,21.1
0.03,4,0.5249488752556237,0.22210414452709884,0.24675324675324675,0.23378076062639822,0.6495127892813642,0.7521156558533145,0.6970588235294117,0.3383458646616541,0.1864125932062966,0.2403846153846154,0.3904080665134751,0.50409312035771,20.9
0.03,5,0.4621676891615542,0.25754716981132075,0.2650485436893204,0.261244019138756,0.5679809653297077,0.6902106567534076,0.6231586798433713,0.35585585585585583,0.21959694232105628,0.27159432746024925,0.3853323421474588,0.4434709081449937,20.8
0.03,6,0.42433537832310836,0.28654970760233917,0.2944206008583691,0.2904318374259102,0.5060150375939849,0.649927571221632,0.5690128936799831,0.3736689254598258,0.23337363966142685,0.2873092668403424,0.3822513326487453,0.407359574798846,33.8
0.03,7,0.3858751279426817,0.2887272727272727,0.3082298136645963,0.2981599699586932,0.4352287302265926,0.5735211267605633,0.4948954788526981,0.4013663535439795,0.2579582875960483,0.31406615436017377,0.36904053439052165,0.37557790164064947,46.2
0.03,8,0.37707267144319345,0.3182751540041068,0.33525594808940157,0.3265449438202247,0.3849074513526341,0.5297191378184193,0.44584936778449696,0.42976461655277143,0.28774783934926285,0.3447015834348356,0.37236529834651905,0.37124692605384607,40.0
0.03,9,0.36700819672131146,0.3188874514877102,0.33514615907545886,0.3268147166058999,0.3336724313326551,0.49961919268849964,0.40012198841110097,0.4692982456140351,0.3062977099236641,0.37066974595842955,0.3658688169918101,0.3653746734508038,21.0
0.03,10,0.35778688524590163,0.33312845728334356,0.3496774193548387,0.3412023921938936,0.2879120879120879,0.47079964061096136,0.3573133310603478,0.47452896022330776,0.3067207938655841,0.3726027397260274,0.3570394876600896,0.3591421556031362,22.4
0.03,11,0.35963114754098363,0.34679334916864607,0.36431690580162196,0.3553392150897475,0.24727272727272728,0.425,0.31264367816091954,0.4935316946959897,0.3293051359516616,0.39502976960911207,0.354337554286593,0.3657849731573075,21.5
0.03,12,0.3634871794871795,0.35324526134405515,0.36892621475704857,0.3609154929577465,0.21020408163265306,0.3819530284301607,0.2711715664765248,0.5096153846153846,0.35348061692371824,0.4174255476249077,0.349837535686393,0.37383134621378983,20.9
0.03,13,0.3682051282051282,0.36056644880174293,0.38443670150987225,0.37211916807195056,0.16947852760736196,0.3323308270676692,0.2244794311833418,0.5256484149855908,0.3665594855305466,0.43192043570921146,0.3428396783215013,0.38249970732335165,22.3
0.03,14,0.38809034907597534,0.37614185921547555,0.3968253968253968,0.38620689655172413,0.14599824098504838,0.30458715596330277,0.19738406658739596,0.5470085470085471,0.3998438110113237,0.46198962327994586,0.34852686213968864,0.40492786591936625,23.5
0.03,15,0.4016427104722793,0.3869772366331392,0.4070155902004454,0.3967435549525102,0.12512716174974567,0.2668112798264642,0.1703601108033241,0.5515515515515516,0.4217374665135859,0.4779874213836478,0.34836369571316067,0.4189052500719738,21.4
0.03,16,0.4106776180698152,0.3847343991748324,0.40765027322404374,0.395860971079862,0.10061349693251534,0.21188630490956073,0.13643926788685523,0.553875236294896,0.44176404070863173,0.49150765359614174,0.34126929752095303,0.4273505911168222,21.6
0.03,17,0.43350462487153135,0.396613648024628,0.41648706896551724,0.40630749014454665,0.08501440922190202,0.18322981366459629,0.11614173228346457,0.5747074707470747,0.47525120952735395,0.520268893868405,0.34757270543213875,0.4500445749903307,20.7
0.03,18,0.45426515930113054,0.40050632911392403,0.4220917822838847,0.4110158482722785,0.07850467289719626,0.1510791366906475,0.1033210332103321,0.5847133757961783,0.5075562108367121,0.5434096290449881,0.35258217017586624,0.4672635705023176,21.1
0.03,19,0.45699588477366254,0.397887323943662,0.4185185185185185,0.40794223826714804,0.07021276595744681,0.14224137931034483,0.09401709401709402,0.5815986677768527,0.5102264426588751,0.5435797665369649,0.3485130329404023,0.46937123393314517,21.2
0.03,20,0.47098765432098766,0.4098442993470618,0.42744892613934,0.41846153846153844,0.0472636815920398,0.0979381443298969,0.06375838926174497,0.5893798135387109,0.5273848385926732,0.5566615620214395,0.34629382991490765,0.48270126150884035,21.5
0.04,3,0.7552604698672114,0.1756440281030445,0.21865889212827988,0.19480519480519481,0.853230843141965,0.8873344991256558,0.8699485672299779,0.22950819672131148,0.12750455373406194,0.16393442622950818,0.4095627294215603,0.7434570574953593,21.4
0.04,4,0.6760736196319018,0.18833333333333332,0.23251028806584362,0.20810313075506445,0.7956431535269709,0.8482167542162012,0.8210892546500737,0.2880184331797235,0.1588310038119441,0.20475020475020475,0.41131419671844766,0.6609726721379732,38.2
0.04,5,0.5942740286298569,0.1875,0.22186495176848875,0.203240058910162,0.7252100840336134,0.7941717791411043,0.7581259150805271,0.3065068493150685,0.1775793650793651,0.22487437185929648,0.39541344861666183,0.5776235514598792,47.0
0.04,6,0.5355828220858896,0.1990632318501171,0.22397891963109354,0.21078735275883448,0.6646688642493257,0.7541652499149949,0.7065944568333864,0.33047210300429186,0.19411764705882353,0.24457384859714135,0.3873185527297874,0.5172034311087,42.2
0.04,7,0.4802456499488229,0.20594059405940593,0.2377142857142857,0.2206896551724138,0.6023748395378691,0.709909228441755,0.6517361111111111,0.3438735177865613,0.1910688140556369,0.2456470588235294,0.3726909417023514,0.4609718748017566,42.0
0.04,8,0.4415557830092119,0.22271914132379247,0.25382262996941896,0.2372558361124345,0.5442200557103064,0.6631310988544761,0.597819850831899,0.3854748603351955,0.22301228183581126,0.28255528255528256,0.37254365649987203,0.42557264805529305,41.7
0.04,9,0.41782786885245904,0.24529844644317253,0.27932960893854747,0.26121027427078797,0.49924755455229497,0.6286120322122217,0.5565107989096246,0.4124124124124124,0.2430678466076696,0.3058648849294729,0.37452865270329516,0.40446211291403694,42.2
0.04,10,0.39344262295081966,0.26436781609195403,0.2979274611398964,0.2801461632155907,0.44589774078478,0.5936675461741425,0.5092802172928927,0.42775665399239543,0.24630541871921183,0.3126085446335533,0.3673449750473456,0.38127686061868604,40.4
0.04,11,0.3709016393442623,0.26863572433192684,0.305111821086262,0.2857142857142857,0.39787685774946924,0.5564133016627079,0.4639762317405298,0.44514959202175886,0.2525720164609053,0.3222842139809649,0.35732491047859344,0.36179728933285527,40.5
0.04,12,0.36205128205128206,0.2817379497623897,0.3187403993855607,0.2990990990990991,0.3609885260370697,0.5392221489782465,0.4324610097805974,0.46830985915492956,0.2587548638132296,0.3333333333333333,0.3549644807376766,0.3550366589123131,43.2
0.04,13,0.35856410256410254,0.2999361837906828,0.3448275862068966,0.32081911262798635,0.32582654528030663,0.5048255382331106,0.39603960396039606,0.48976248976248976,0.2762124711316397,0.3532191376255168,0.3566926180712997,0.35599204718068567,41.6
0.04,14,0.35544147843942503,0.31077844311377245,0.3649789029535865,0.3357050452781371,0.2994764397905759,0.4774624373956594,0.3680823680823681,0.49612403100775193,0.28444444444444444,0.3615819209039548,0.3551231114214867,0.35562516907229696,42.5
0.04,15,0.3540041067761807,0.3170441001191895,0.36018957345971564,0.33724247226624404,0.26651735722284436,0.4473684210526316,0.33403508771929824,0.5092460881934566,0.30742808072133965,0.38340026773761715,0.3515592759077198,0.3586159524499971,40.7
0.04,16,0.35852156057494866,0.3263768115942029,0.3701512163050625,0.34688847812692547,0.2434729811778992,0.42077649527806926,0.30846153846153845,0.5220293724966623,0.32637729549248745,0.40164355418592707,0.3523311902581303,0.3663078392637333,41.8
0.04,17,0.36505652620760537,0.3412348401323043,0.39755940912010274,0.36725007416196975,0.22059800664451829,0.3933649289099526,0.2826734780757769,0.5336351875808538,0.33482142857142855,0.4114713216957606,0.3537982913111691,0.3749743304469675,41.0
0.04,18,0.36772867420349437,0.34035656401944897,0.39375,0.36511156186612576,0.19044062733383121,0.3422818791946309,0.24472168905950095,0.5397014925373135,0.35873015873015873,0.43098927294398093,0.3469408412898692,0.38079940907584,41.3
0.04,19,0.37181069958847734,0.34185303514376997,0.3921808185705559,0.36529160739687055,0.1652892561983471,0.3067484662576687,0.21482277121374865,0.5445823927765236,0.3753403345001945,0.44439327653695604,0.34150255171585836,0.3869510127811842,40.2
0.04,20,0.38127572016460903,0.3492647058823529,0.3977272727272727,0.371923937360179,0.14848762603116408,0.2764505119453925,0.19320214669051877,0.5501340482573727,0.3943120676402767,0.45936870382807254,0.34149826262625677,0.39719149147891114,40.2
0.05,3,0.8469867211440245,0.136986301369863,0.16129032258064516,0.14814814814814814,0.9081405693950177,0.9368976594768242,0.9222950079060311,0.18333333333333332,0.09401709401709402,0.12429378531073447,0.39824564712163796,0.8356576749038013,38.9
0.05,4,0.7789366053169734,0.14655172413793102,0.17894736842105263,0.16113744075829384,0.8680620884289746,0.9004635276896804,0.8839659920967549,0.23103448275862068,0.1324110671936759,0.16834170854271358,0.4044817137992542,0.7677876639556902,41.3
0.05,5,0.7038854805725971,0.12681912681912683,0.15885416666666666,0.14104046242774568,0.8214196137446702,0.8591290661070304,0.8398512629824336,0.25118483412322273,0.15273775216138327,0.18996415770609318,0.39028529437209086,0.6927418563413742,44.1
0.05,6,0.6445807770961145,0.13993174061433447,0.16942148760330578,0.15327102803738318,0.7709158089205596,0.8235128277417536,0.7963467829880043,0.28932038834951457,0.17345750873108265,0.21688500727802038,0.38883427276780264,0.6309058155583567,44.8
0.05,7,0.5873080859774821,0.16573033707865167,0.19504132231404958,0.1791951404707669,0.7188542825361512,0.7914880587875076,0.7534246575342466,0.2876949740034662,0.16370808678500987,0.20867379006913891,0.3804311960247175,0.5692309548867492,44.7
0.05,8,0.5490276356192426,0.1721105527638191,0.19740634005763688,0.18389261744966443,0.6770985668324071,0.7657955673172345,0.718720894132257,0.34328358208955223,0.1969178082191781,0.250272034820457,0.3842951821341261,0.530733362567487,43.7
0.05,9,0.5075819672131148,0.18471337579617833,0.22053231939163498,0.20103986135181975,0.6365618187480536,0.7334050950843201,0.6815605201733911,0.3562585969738652,0.19861963190184048,0.2550467749876908,0.3792157188376339,0.4898997161708557,44.0
0.05,10,0.4682377049180328,0.18688845401174167,0.22029988465974626,0.20222339862361038,0.5894018205461639,0.7024409143742736,0.6409757822167227,0.3593350383631714,0.1962290502793296,0.25383920505871727,0.36567946196635015,0.44942293486723656,39.2
0.05,11,0.44754098360655736,0.19710669077757687,0.23390557939914164,0.2139352306182532,0.557108762359359,0.6839681875261616,0.614054866591507,0.3947681331747919,0.21295702373316228,0.27666666666666667,0.3682189212921423,0.4298541074911179,42.0
0.05,12,0.42646153846153845,0.2141623488773748,0.24949698189134809,0.23048327137546468,0.5198568872987478,0.6565747853592409,0.5802715654952076,0.40997830802603036,0.22661870503597123,0.2918918918918919,0.36754890958752134,0.4102804147412886,47.3
0.05,13,0.4106666666666667,0.22060016220600162,0.258309591642925,0.2379702537182852,0.487189008540661,0.6434526728788622,0.5545224006762468,0.440463645943098,0.23443634324172744,0.30600292825768666,0.36616519421740623,0.39525273296977986,41.7
0.05,14,0.3870636550308008,0.22713643178410794,0.2727272727272727,0.24785276073619633,0.4469578783151326,0.6128342245989304,0.516914749661705,0.448559670781893,0.23080995235574378,0.3047885354771059,0.35651868195833575,0.37325267814405655,44.9
0.05,15,0.37474332648870634,0.24388489208633093,0.2917383820998279,0.2656739811912226,0.4118136439267887,0.5732484076433121,0.4793028322440087,0.46096654275092935,0.25037859666834933,0.3245011449133137,0.3564926527828483,0.36536055965151504,41.4
0.05,16,0.3642710472279261,0.2522214627477785,0.3054635761589404,0.2763010108573568,0.3855421686746988,0.5373134328358209,0.4489477786438036,0.46397941680960547,0.26338851022395326,0.3360248447204969,0.35375787807388576,0.35849582756279746,43.6
0.05,17,0.35683453237410073,0.26143790849673204,0.32102728731942215,0.2881844380403458,0.35984848484848486,0.5121293800539084,0.42269187986651835,0.47097301717089124,0.26978922716627635,0.3430613460393091,0.3513125546487244,0.3532967180501766,42.9
0.05,18,0.347584789311408,0.2701688555347092,0.33410672853828305,0.2987551867219917,0.3272003978120338,0.4806428049671293,0.3893491124260355,0.4788844621513944,0.27280980481162054,0.3475997686524002,0.34523468926680917,0.3463662243954811,44.7
0.05,19,0.3545267489711934,0.28884826325411334,0.3555888972243061,0.3187626092804304,0.310252281266774,0.45836637589214907,0.3700384122919334,0.4948377581120944,0.2961165048543689,0.37051352843732743,0.3531048500032304,0.3561960188292029,42.1
0.05,20,0.34588477366255144,0.2867557715674362,0.34227701232777374,0.31206611570247933,0.2827586206896552,0.42671292281006074,0.3401313515381956,0.4864314789687924,0.3079896907216495,0.37716991057338245,0.3431224592713525,0.34990991228232365,43.1
0.06,3,0.9064351378958121,0.09448818897637795,0.10619469026548672,0.1,0.9399105050074579,0.9666885820731974,0.9531114952463267,0.18666666666666668,0.0639269406392694,0.09523809523809523,0.3827831968281406,0.895036750902172,39.8
0.06,4,0.854601226993865,0.12562814070351758,0.14534883720930233,0.1347708894878706,0.9101941747572816,0.9422110552763819,0.9259259259259259,0.18238993710691823,0.08529411764705883,0.11623246492985972,0.39230976011455204,0.841800272959462,40.6
0.06,5,0.8024539877300614,0.13167259786476868,0.16017316017316016,0.14453125,0.8782668500687758,0.9167264895908112,0.8970846505093081,0.22672064777327935,0.11666666666666667,0.15405777166437415,0.39855789072456077,0.7885994281446418,41.4
0.06,6,0.7533742331288343,0.13020833333333334,0.16393442622950818,0.14513788098693758,0.8450536352800954,0.8947501261988895,0.8691921049405419,0.2861736334405145,0.14285714285714285,0.1905781584582441,0.4016360481285745,0.7375738990173679,41.3
0.06,7,0.7025588536335722,0.1323529411764706,0.16112531969309463,0.1453287197231834,0.8101644245142003,0.8685897435897436,0.8383604021655066,0.29620253164556964,0.156,0.20436681222707423,0.3960186447052547,0.6855516856273751,39.7
0.06,8,0.6560900716479018,0.13732394366197184,0.16595744680851063,0.15028901734104047,0.7746881496881497,0.8423283413393614,0.8070935427101665,0.31130063965884863,0.16666666666666666,0.2171003717472119,0.391494310599473,0.638100268465123,42.1
0.06,9,0.6131147540983607,0.1465648854961832,0.17943925233644858,0.16134453781512606,0.7386948280530734,0.8167664670658683,0.7757713635717333,0.3157894736842105,0.16716417910447762,0.21860767729342875,0.38524119289342934,0.5936672946189708,39.3
0.06,10,0.5774590163934427,0.15543328748280605,0.18646864686468648,0.1695423855963991,0.7049873203719358,0.7932783766645529,0.7465314038490228,0.3360927152317881,0.18125,0.2354988399071926,0.38385754311753817,0.5575945561695269,46.3
0.06,11,0.544672131147541,0.16069221260815822,0.19374068554396423,0.17567567567567569,0.6721120186697783,0.774453781512605,0.719662658129002,0.3483670295489891,0.18152350081037277,0.23867874267448055,0.3780056921597194,0.5232385972894402,49.8
0.06,12,0.5195897435897436,0.16470588235294117,0.19151846785225718,0.17710309930423782,0.6452590124204787,0.7577374599786553,0.6969895287958116,0.3632596685082873,0.1972993248312078,0.2557122022362664,0.37660161011210525,0.4983721634086907,43.3
0.06,13,0.49846153846153846,0.176878612716763,0.1956521739130435,0.18579234972677597,0.6117283950617284,0.745393004889056,0.6719783014070181,0.38311688311688313,0.20571827057182707,0.2676950998185118,0.3751552503174353,0.47506762955227605,45.0
0.06,14,0.4759753593429158,0.17717391304347826,0.19685990338164253,0.18649885583524028,0.5809948979591837,0.7320208919244676,0.6478222222222222,0.4090909090909091,0.21442369607211847,0.2813688212927757,0.3718966331167461,0.4525290232464827,40.6
0.06,15,0.4535934291581109,0.17753259779338015,0.20368239355581128,0.18971061093247588,0.5516562807477862,0.7148321291967701,0.6227323213624584,0.42475728155339804,0.21237864077669902,0.28317152103559873,0.3652048177768443,0.4305573592880601,41.5
0.06,16,0.4293634496919918,0.1865605658709107,0.23034934497816595,0.2061553492916463,0.5266086956521739,0.6810616284300495,0.5939584150647312,0.4236111111111111,0.21143847487001732,0.28208092485549136,0.360731563070623,0.41016220483878874,43.1
0.06,17,0.4117163412127441,0.19131161236424393,0.23903966597077245,0.21252900232018562,0.5005480453050786,0.6520704426463588,0.5663497312939231,0.4339419978517723,0.22369878183831673,0.2952137376689806,0.35803082376102974,0.3960245796303082,40.4
0.06,18,0.38848920863309355,0.2046692607003891,0.2627372627372627,0.23009623797025372,0.46799540053660404,0.6135678391959799,0.5309849967384214,0.4181256436663234,0.21664887940234792,0.28541300527240776,0.3488314133270276,0.3744810790540955,40.9
0.06,19,0.3757201646090535,0.22279792746113988,0.2883141762452107,0.251356993736952,0.4404907975460123,0.5756280064136825,0.4990732159406858,0.42105263157894735,0.23033419023136248,0.2977733466267863,0.349401185434808,0.3652987340896091,41.5
0.06,20,0.3668724279835391,0.22508960573476702,0.2894009216589862,0.2532258064516129,0.4196078431372549,0.5465380249716232,0.474735025881193,0.4324786324786325,0.25136612021857924,0.31793905120955074,0.3486332945141189,0.3603383591949563,39.7
