Date,Close,High,Low,Open,Volume,Retorno_Diario,Ticker,DiasParaEleicaoBR,DiasParaEleicaoUSA,Alvo
2015-01-02,15.425999641418457,15.737500190734863,15.347999572753906,15.628999710083008,55664000,,AMZN,1395,676,1.0
2015-01-05,15.10949993133545,15.418999671936035,15.042499542236328,15.350500106811523,55484000,-0.020517290123177045,AMZN,1392,673,1.0
2015-01-06,14.76449966430664,15.149999618530273,14.619000434875488,15.112000465393066,70380000,-0.022833334564125174,AMZN,1391,672,1.0
2015-01-07,14.920999526977539,15.064000129699707,14.766500473022461,14.875,52806000,0.010599740338593344,AMZN,1390,671,1.0
2015-01-08,15.02299976348877,15.156999588012695,14.805500030517578,15.015999794006348,61768000,0.0068360190164749035,AMZN,1389,670,1.0
2015-01-09,14.846500396728516,15.143500328063965,14.833999633789062,15.074000358581543,51848000,-0.011748610100441481,AMZN,1388,669,1.0
2015-01-12,14.570500373840332,14.92549991607666,14.46399974822998,14.878000259399414,68428000,-0.018590241168821242,AMZN,1385,666,1.0
2015-01-13,14.737000465393066,15.074999809265137,14.661499977111816,14.87399959564209,82728000,0.0114272047823194,AMZN,1384,665,1.0
2015-01-14,14.66349983215332,14.795499801635742,14.324999809265137,14.596500396728516,110774000,-0.00498748937494764,AMZN,1383,664,1.0
2015-01-15,14.34749984741211,14.800000190734863,14.340999603271484,14.699999809265137,88384000,-0.02155010661563239,AMZN,1382,663,1.0
2015-01-16,14.536999702453613,14.53950023651123,14.262499809265137,14.314000129699707,69564000,0.01320786597364454,AMZN,1381,662,1.0
2015-01-20,14.472000122070312,14.668000221252441,14.319499969482422,14.629500389099121,61502000,-0.004471320197683593,AMZN,1377,658,1.0
2015-01-21,14.862500190734863,15.300000190734863,14.36299991607666,14.482000350952148,201302000,0.0269831443733215,AMZN,1376,657,1.0
2015-01-22,15.515999794006348,15.612500190734863,15.0,15.0,107252000,0.043969695198313286,AMZN,1375,656,1.0
2015-01-23,15.619500160217285,15.846500396728516,15.38599967956543,15.404000282287598,89928000,0.006670557333399607,AMZN,1374,655,1.0
2015-01-26,15.482999801635742,15.649999618530273,15.37600040435791,15.590999603271484,63394000,-0.008739099022464725,AMZN,1371,652,1.0
2015-01-27,15.337499618530273,15.51200008392334,15.131500244140625,15.3149995803833,58406000,-0.009397415550576715,AMZN,1370,651,1.0
2015-01-28,15.195500373840332,15.575499534606934,15.1899995803833,15.490500450134277,61276000,-0.009258304692531638,AMZN,1369,650,1.0
2015-01-29,15.58899974822998,15.640000343322754,14.966500282287598,15.236499786376953,173132000,0.02589578261385017,AMZN,1368,649,1.0
2015-01-30,17.726499557495117,17.975000381469727,17.03700065612793,17.31599998474121,477122000,0.13711590504758542,AMZN,1367,648,1.0
2015-02-02,18.223499298095703,18.25,17.500499725341797,17.502500534057617,204638000,0.02803710563321249,AMZN,1364,645,1.0
2015-02-03,18.177499771118164,18.391000747680664,18.010499954223633,18.01449966430664,124252000,-0.0025241873816378435,AMZN,1363,644,1.0
2015-02-04,18.237499237060547,18.375,17.911500930786133,17.91900062561035,83398000,0.0033007545975995978,AMZN,1362,643,1.0
2015-02-05,18.694499969482422,18.940000534057617,18.295000076293945,18.299999237060547,144952000,0.02505830029005307,AMZN,1361,642,1.0
2015-02-06,18.714000701904297,18.79949951171875,18.550500869750977,18.743499755859375,77848000,0.0010431267192869687,AMZN,1360,641,1.0
2015-02-09,18.527999877929688,18.720500946044922,18.360000610351562,18.549999237060547,54492000,-0.009939126696499656,AMZN,1357,638,1.0
2015-02-10,18.649999618530273,18.71500015258789,18.425500869750977,18.559499740600586,45744000,0.00658461471310301,AMZN,1356,637,1.0
2015-02-11,18.756999969482422,18.854999542236328,18.55500030517578,18.561500549316406,55730000,0.005737284350710414,AMZN,1355,636,1.0
2015-02-12,18.85849952697754,18.925500869750977,18.657499313354492,18.7549991607666,55822000,0.005411289527123664,AMZN,1354,635,1.0
2015-02-13,19.09149932861328,19.149999618530273,18.850500106811523,18.920499801635742,69502000,0.012355161199459674,AMZN,1353,634,1.0
2015-02-17,18.771499633789062,18.999500274658203,18.633499145507812,18.88599967956543,73464000,-0.01676137056164162,AMZN,1349,630,1.0
2015-02-18,18.668500900268555,18.836999893188477,18.642499923706055,18.68899917602539,53012000,-0.005486974164552572,AMZN,1348,629,1.0
2015-02-19,18.950000762939453,19.0939998626709,18.671499252319336,18.67449951171875,59076000,0.015078868098447495,AMZN,1347,628,1.0
2015-02-20,19.183000564575195,19.184999465942383,18.79199981689453,18.930999755859375,65160000,0.012295503549077491,AMZN,1346,627,1.0
2015-02-23,19.006999969482422,19.226999282836914,18.899999618530273,19.172000885009766,43540000,-0.009174820930662464,AMZN,1343,624,1.0
2015-02-24,18.929500579833984,19.02400016784668,18.808000564575195,18.9325008392334,38416000,-0.004077413046397083,AMZN,1342,623,1.0
2015-02-25,19.26849937438965,19.392499923706055,18.82699966430664,18.863500595092773,63490000,0.01790849120006932,AMZN,1341,622,1.0
2015-02-26,19.239999771118164,19.4685001373291,19.163999557495117,19.203500747680664,53742000,-0.0014790774682414964,AMZN,1340,621,1.0
2015-02-27,19.007999420166016,19.29949951171875,18.989500045776367,19.200000762939453,50646000,-0.012058230442414719,AMZN,1339,620,1.0
2015-03-02,19.283000946044922,19.295000076293945,18.974000930786133,19.042499542236328,42784000,0.014467673309541018,AMZN,1336,617,1.0
2015-03-03,19.230499267578125,19.30500030517578,19.079999923706055,19.197500228881836,38930000,-0.0027226923140075687,AMZN,1335,616,1.0
2015-03-04,19.13599967956543,19.395000457763672,19.109500885009766,19.285499572753906,45182000,-0.004914047560482082,AMZN,1334,615,1.0
2015-03-05,19.39150047302246,19.42099952697754,19.194499969482422,19.280500411987305,53870000,0.013351839346541716,AMZN,1333,614,1.0
2015-03-06,19.004499435424805,19.350000381469727,18.944000244140625,19.275999069213867,52540000,-0.019957250762314804,AMZN,1332,613,1.0
2015-03-09,18.92799949645996,18.96649932861328,18.763999938964844,18.920000076293945,46228000,-0.004025359322132216,AMZN,1329,610,1.0
2015-03-10,18.475500106811523,18.888500213623047,18.458999633789062,18.872499465942383,62420000,-0.02390635046947598,AMZN,1328,609,1.0
2015-03-11,18.318500518798828,18.667499542236328,18.312999725341797,18.530500411987305,49902000,-0.008497717902359425,AMZN,1327,608,1.0
2015-03-12,18.711999893188477,18.774999618530273,18.375999450683594,18.44099998474121,56200000,0.021480981698574597,AMZN,1326,607,1.0
2015-03-13,18.52899932861328,18.699499130249023,18.333999633789062,18.576000213623047,52234000,-0.009779850663734324,AMZN,1325,606,1.0
2015-03-16,18.667499542236328,18.69700050354004,18.336000442504883,18.518999099731445,47082000,0.007474781080550219,AMZN,1322,603,1.0
2015-03-17,18.59600067138672,18.725000381469727,18.48200035095215,18.555500030517578,40740000,-0.0038301257588269078,AMZN,1321,602,1.0
2015-03-18,18.756999969482422,18.79949951171875,18.334999084472656,18.49850082397461,53082000,0.00865773780829282,AMZN,1320,601,1.0
2015-03-19,18.66200065612793,18.855499267578125,18.609500885009766,18.693500518798828,38314000,-0.005064739217841674,AMZN,1319,600,1.0
2015-03-20,18.92449951171875,18.9685001373291,18.79599952697754,18.81450080871582,75272000,0.014065954686622861,AMZN,1318,599,1.0
2015-03-23,18.75550079345703,19.088499069213867,18.746999740600586,18.903499603271484,44786000,-0.00893015522852103,AMZN,1315,596,1.0
2015-03-24,18.704500198364258,18.761999130249023,18.613500595092773,18.699499130249023,44564000,-0.002719233981241631,AMZN,1314,595,1.0
2015-03-25,18.54800033569336,19.024999618530273,18.51449966430664,18.758499145507812,68590000,-0.008366963084348256,AMZN,1313,594,1.0
2015-03-26,18.36750030517578,18.56999969482422,18.282499313354492,18.47949981689453,58600000,-0.009731508909358144,AMZN,1312,593,1.0
2015-03-27,18.527999877929688,18.65850067138672,18.328500747680664,18.355499267578125,52196000,0.008738237108327551,AMZN,1311,592,1.0
2015-03-30,18.72949981689453,18.805999755859375,18.577499389648438,18.5935001373291,36418000,0.010875428556369249,AMZN,1308,589,1.0
2015-03-31,18.604999542236328,18.885000228881836,18.57550048828125,18.66200065612793,50122000,-0.006647282408785982,AMZN,1307,588,1.0
2015-04-01,18.51300048828125,18.658000946044922,18.41699981689453,18.604999542236328,49162000,-0.004944856555692212,AMZN,1306,587,1.0
2015-04-02,18.612499237060547,18.663999557495117,18.450000762939453,18.524999618530273,37506000,0.005374533903473866,AMZN,1305,586,1.0
2015-04-06,18.851999282836914,19.010000228881836,18.468000411987305,18.5049991607666,61014000,0.012867699427462354,AMZN,1301,582,1.0
2015-04-07,18.720500946044922,18.965499877929688,18.701499938964844,18.8075008392334,39098000,-0.006975299267686141,AMZN,1300,581,1.0
2015-04-08,19.059999465942383,19.07900047302246,18.732500076293945,18.732999801635742,52728000,0.018135119400701116,AMZN,1299,580,1.0
2015-04-09,19.177000045776367,19.22100067138672,18.940000534057617,19.033000946044922,47846000,0.006138540562031336,AMZN,1298,579,1.0
2015-04-10,19.13249969482422,19.356000900268555,19.06599998474121,19.215499877929688,51470000,-0.0023205063798260595,AMZN,1297,578,1.0
2015-04-13,19.118000030517578,19.263999938964844,19.006999969482422,19.17650032043457,37890000,-0.0007578551960234492,AMZN,1294,575,1.0
2015-04-14,19.25550079345703,19.390499114990234,19.06049919128418,19.175500869750977,51672000,0.007192214809078612,AMZN,1293,574,1.0
2015-04-15,19.172500610351562,19.288999557495117,19.082000732421875,19.232500076293945,38664000,-0.00431046608425123,AMZN,1292,573,1.0
2015-04-16,19.302000045776367,19.372499465942383,19.177499771118164,19.184499740600586,41608000,0.006754436369916572,AMZN,1291,572,1.0
2015-04-17,18.777999877929688,19.17799949645996,18.719999313354492,19.131500244140625,76794000,-0.027147454491968093,AMZN,1290,571,1.0
2015-04-20,19.475500106811523,19.597000122070312,18.850000381469727,18.927499771118164,100322000,0.03714454326424965,AMZN,1287,568,1.0
2015-04-21,19.55900001525879,19.729999542236328,19.34000015258789,19.565500259399414,92870000,0.004287433338775237,AMZN,1286,567,1.0
2015-04-22,19.489999771118164,19.714000701904297,19.399999618530273,19.595500946044922,69494000,-0.0035278001987215646,AMZN,1285,566,1.0
2015-04-23,19.499500274658203,19.5939998626709,19.3075008392334,19.510499954223633,159600000,0.0004874552925402398,AMZN,1284,565,1.0
2015-04-24,22.2549991607666,22.63249969482422,21.950000762939453,21.950000762939453,343538000,0.1413112565602248,AMZN,1283,564,1.0
2015-04-27,21.92799949645996,22.34950065612793,21.870500564575195,22.19300079345703,108618000,-0.014693312812301018,AMZN,1280,561,1.0
2015-04-28,21.465499877929688,21.950000762939453,21.402000427246094,21.925500869750977,82810000,-0.02109173792187191,AMZN,1279,560,1.0
2015-04-29,21.4685001373291,21.711999893188477,21.30150032043457,21.337499618530273,72434000,0.00013977123367614475,AMZN,1278,559,1.0
2015-04-30,21.089000701904297,21.587499618530273,20.961999893188477,21.355499267578125,72958000,-0.017677035330704638,AMZN,1277,558,1.0
2015-05-01,21.14349937438965,21.281999588012695,20.799999237060547,21.19099998474121,71316000,0.0025842226123322654,AMZN,1276,557,1.0
2015-05-04,21.152000427246094,21.488500595092773,21.121000289916992,21.239999771118164,45408000,0.0004020646112508075,AMZN,1273,554,1.0
2015-05-05,21.059499740600586,21.375499725341797,21.051000595092773,21.142499923706055,57128000,-0.004373141299976346,AMZN,1272,553,1.0
2015-05-06,20.954999923706055,21.13599967956543,20.727500915527344,21.071500778198242,51050000,-0.004962122471174668,AMZN,1271,552,1.0
2015-05-07,21.3439998626709,21.424999237060547,21.142499923706055,21.207500457763672,55322000,0.018563585797238602,AMZN,1270,551,1.0
2015-05-08,21.684499740600586,21.760000228881836,21.508499145507812,21.537500381469727,58176000,0.015952955402946722,AMZN,1269,550,1.0
2015-05-11,21.642499923706055,21.950000762939453,21.568500518798828,21.625499725341797,47874000,-0.0019368589267426684,AMZN,1266,547,1.0
2015-05-12,21.551000595092773,21.662500381469727,21.335500717163086,21.554000854492188,38956000,-0.004227761531053864,AMZN,1265,546,1.0
2015-05-13,21.3435001373291,21.67650032043457,21.290000915527344,21.499000549316406,39926000,-0.00962834448674832,AMZN,1264,545,1.0
2015-05-14,21.61400032043457,21.649999618530273,21.350500106811523,21.47249984741211,37770000,0.012673656212196072,AMZN,1263,544,1.0
2015-05-15,21.299999237060547,21.520000457763672,21.21500015258789,21.399999618530273,84806000,-0.014527670894737499,AMZN,1262,543,1.0
2015-05-18,21.261999130249023,21.363500595092773,21.072999954223633,21.299999237060547,47804000,-0.0017840426372131013,AMZN,1259,540,1.0
2015-05-19,21.085500717163086,21.41200065612793,21.0314998626709,21.243499755859375,49284000,-0.008301120322916189,AMZN,1258,539,1.0
2015-05-20,21.19300079345703,21.354999542236328,20.917999267578125,21.030000686645508,43924000,0.005098293739187465,AMZN,1257,538,1.0
2015-05-21,21.581499099731445,21.844999313354492,21.399999618530273,21.399999618530273,82428000,0.01833144395456987,AMZN,1256,537,1.0
2015-05-22,21.381500244140625,21.621999740600586,21.38050079345703,21.577499389648438,40412000,-0.009267143800650524,AMZN,1255,536,1.0
2015-05-26,21.273500442504883,21.350000381469727,21.100000381469727,21.309999465942383,44884000,-0.005051086238223035,AMZN,1251,532,1.0
2015-05-27,21.570999145507812,21.592500686645508,21.250499725341797,21.372499465942383,44622000,0.013984473491185367,AMZN,1250,531,1.0
2015-05-28,21.328500747680664,21.5674991607666,21.273500442504883,21.48550033569336,38248000,-0.01124187137514443,AMZN,1249,530,1.0
2015-05-29,21.46150016784668,21.625,21.361499786376953,21.361499786376953,60322000,0.006235760391197553,AMZN,1248,529,1.0
2015-06-01,21.54599952697754,21.658000946044922,21.309999465942383,21.520000457763672,45066000,0.003937253149593589,AMZN,1245,526,1.0
2015-06-02,21.54949951171875,21.661500930786133,21.3125,21.50349998474121,33378000,0.00016244244026974997,AMZN,1244,525,1.0
2015-06-03,21.829500198364258,21.91950035095215,21.637500762939453,21.719999313354492,54558000,0.012993373070833591,AMZN,1243,524,1.0
2015-06-04,21.538999557495117,21.83799934387207,21.46299934387207,21.719999313354492,50216000,-0.013307709211359264,AMZN,1242,523,1.0
2015-06-05,21.34749984741211,21.540000915527344,21.325000762939453,21.482999801635742,38158000,-0.008890835879903691,AMZN,1241,522,1.0
2015-06-08,21.174999237060547,21.34000015258789,21.071500778198242,21.2810001373291,43450000,-0.008080600144492966,AMZN,1238,519,1.0
2015-06-09,21.27400016784668,21.374500274658203,20.957000732421875,21.148000717163086,45774000,0.00467536880062136,AMZN,1237,518,1.0
2015-06-10,21.53849983215332,21.610000610351562,21.283000946044922,21.322999954223633,43446000,0.012433000950446749,AMZN,1236,517,1.0
2015-06-11,21.648500442504883,21.944499969482422,21.57349967956543,21.614500045776367,58450000,0.0051071621147611435,AMZN,1235,516,1.0
2015-06-12,21.496000289916992,21.618000030517578,21.413000106811523,21.5625,41088000,-0.007044374874504933,AMZN,1234,515,1.0
2015-06-15,21.183500289916992,21.40250015258789,21.131999969482422,21.382999420166016,41020000,-0.014537588192468642,AMZN,1231,512,1.0
2015-06-16,21.363000869750977,21.398500442504883,21.133499145507812,21.207500457763672,45928000,0.008473603388360784,AMZN,1230,511,1.0
2015-06-17,21.390499114990234,21.5674991607666,21.237499237060547,21.417999267578125,43718000,0.0012871901942481667,AMZN,1229,510,1.0
2015-06-18,21.969499588012695,21.986499786376953,21.470500946044922,21.514999389648438,67568000,0.02706811420855093,AMZN,1228,509,1.0
2015-06-19,21.746000289916992,22.249500274658203,21.66200065612793,22.01300048828125,89902000,-0.010173162897968435,AMZN,1227,508,1.0
2015-06-22,21.81450080871582,21.961999893188477,21.708999633789062,21.850000381469727,36472000,0.0031500284137579992,AMZN,1224,505,1.0
2015-06-23,22.29949951171875,22.351999282836914,21.684499740600586,21.779499053955078,64900000,0.022232858191701288,AMZN,1223,504,1.0
2015-06-24,22.04199981689453,22.32349967956543,22.011499404907227,22.24850082397461,52416000,-0.011547330678381318,AMZN,1222,503,1.0
2015-06-25,22.0049991607666,22.173500061035156,21.819499969482422,21.903499603271484,44750000,-0.0016786433370519216,AMZN,1221,502,1.0
2015-06-26,21.905000686645508,22.17449951171875,21.753000259399414,22.08799934387207,52490000,-0.004544352553277231,AMZN,1220,501,1.0
2015-06-29,21.493000030517578,21.850000381469727,21.450000762939453,21.749000549316406,55064000,-0.018808520575811172,AMZN,1217,498,1.0
2015-06-30,21.704500198364258,21.778499603271484,21.523000717163086,21.709999084472656,51938000,0.009840420953164841,AMZN,1216,497,1.0
2015-07-01,21.86949920654297,22.0,21.77899932861328,21.967500686645508,39742000,0.007602064395435759,AMZN,1215,496,1.0
2015-07-02,21.885499954223633,21.90999984741211,21.673999786376953,21.850000381469727,26868000,0.0007316467345479527,AMZN,1214,495,1.0
2015-07-06,21.802000045776367,21.986499786376953,21.676000595092773,21.761499404907227,38064000,-0.0038153073323394793,AMZN,1210,491,1.0
2015-07-07,21.836000442504883,21.886499404907227,21.278499603271484,21.784000396728516,69084000,0.0015595081486619033,AMZN,1209,490,1.0
2015-07-08,21.485000610351562,21.79949951171875,21.441499710083008,21.717500686645508,47662000,-0.016074364583272382,AMZN,1208,489,1.0
2015-07-09,21.719499588012695,21.93600082397461,21.707500457763672,21.7450008392334,45428000,0.0109145436816116,AMZN,1207,488,1.0
2015-07-10,22.175500869750977,22.236000061035156,21.950000762939453,22.024499893188477,48020000,0.020995017858972842,AMZN,1206,487,1.0
2015-07-13,22.778499603271484,22.89349937438965,22.37700080871582,22.414499282836914,79136000,0.027192113362501047,AMZN,1203,484,1.0
2015-07-14,23.278499603271484,23.479999542236328,22.908000946044922,23.115999221801758,94724000,0.021950523902293684,AMZN,1202,483,1.0
2015-07-15,23.059499740600586,23.235000610351562,23.010000228881836,23.152000427246094,59748000,-0.00940781692992454,AMZN,1201,482,1.0
2015-07-16,23.77400016784668,23.79400062561035,23.239999771118164,23.274999618530273,81912000,0.030985079263800452,AMZN,1200,481,1.0
2015-07-17,24.15049934387207,24.270999908447266,23.862499237060547,23.885000228881836,98644000,0.01583659347889599,AMZN,1199,480,1.0
2015-07-20,24.405000686645508,24.65999984741211,24.270000457763672,24.62849998474121,95050000,0.01053813998417441,AMZN,1196,477,1.0
2015-07-21,24.399999618530273,24.444000244140625,24.127500534057617,24.395000457763672,63636000,-0.0002049198104703276,AMZN,1195,476,1.0
2015-07-22,24.41349983215332,24.625,24.2450008392334,24.29949951171875,62298000,0.0005532874522176101,AMZN,1194,475,1.0
2015-07-23,24.108999252319336,24.58300018310547,23.78499984741211,24.58300018310547,187488000,-0.01247263120517228,AMZN,1193,474,1.0
2015-07-24,26.47100067138672,29.028499603271484,26.467500686645508,28.949499130249023,438188000,0.09797177370770194,AMZN,1192,473,1.0
2015-07-27,26.570499420166016,27.247499465942383,26.329999923706055,26.387500762939453,149820000,0.003758783055256787,AMZN,1189,470,1.0
2015-07-28,26.30150032043457,26.819499969482422,26.1560001373291,26.799999237060547,105462000,-0.010123976048688199,AMZN,1188,469,1.0
2015-07-29,26.450000762939453,26.648500442504883,26.250999450683594,26.54599952697754,75052000,0.005646082569271016,AMZN,1187,468,1.0
2015-07-30,26.83799934387207,26.959999084472656,26.214500427246094,26.38249969482422,74862000,0.014669133071491647,AMZN,1186,467,1.0
2015-07-31,26.8075008392334,27.142000198364258,26.72599983215332,26.954500198364258,60512000,-0.0011363926292679016,AMZN,1185,466,1.0
2015-08-03,26.75149917602539,27.02199935913086,26.468000411987305,26.872499465942383,60284000,-0.0020890296168917244,AMZN,1182,463,1.0
2015-08-04,26.594999313354492,26.84749984741211,26.45800018310547,26.484500885009766,58692000,-0.0058501342912083976,AMZN,1181,462,1.0
2015-08-05,26.850500106811523,26.957000732421875,26.70599937438965,26.940000534057617,57788000,0.00960709908079349,AMZN,1180,461,1.0
2015-08-06,26.472999572753906,27.136999130249023,26.375999450683594,26.96500015258789,76410000,-0.014059348338240185,AMZN,1179,460,1.0
2015-08-07,26.131000518798828,26.472999572753906,25.910499572753906,26.45800018310547,79384000,-0.01291878742396324,AMZN,1178,459,1.0
2015-08-10,26.200000762939453,26.61400032043457,26.149999618530273,26.426000595092773,52318000,0.002640551175642436,AMZN,1175,456,1.0
2015-08-11,26.37299919128418,26.448999404907227,26.100000381469727,26.1825008392334,53532000,0.006602993255993894,AMZN,1174,455,1.0
2015-08-12,26.295499801635742,26.375,25.652999877929688,26.1875,79246000,-0.0029385884057528955,AMZN,1173,454,1.0
2015-08-13,26.482999801635742,26.732999801635742,26.274499893188477,26.368499755859375,57904000,0.00713049766745022,AMZN,1172,453,1.0
2015-08-14,26.576000213623047,26.70549964904785,26.412500381469727,26.412500381469727,39896000,0.0035117023254125357,AMZN,1171,452,1.0
2015-08-17,26.76099967956543,26.937000274658203,26.356000900268555,26.56450080871582,51634000,0.006961147819661395,AMZN,1168,449,1.0
2015-08-18,26.750999450683594,26.97450065612793,26.649999618530273,26.75200080871582,41426000,-0.0003736866709606046,AMZN,1167,448,1.0
2015-08-19,26.645999908447266,26.862499237060547,26.450000762939453,26.687000274658203,46480000,-0.0039250698812168805,AMZN,1166,447,1.0
2015-08-20,25.788999557495117,26.662500381469727,25.78849983215332,26.519500732421875,88160000,-0.03216243916147665,AMZN,1165,446,1.0
2015-08-21,24.723499298095703,25.616500854492188,24.723499298095703,25.368000030517578,134130000,-0.041316075756406945,AMZN,1164,445,1.0
2015-08-24,23.168500900268555,23.82900047302246,22.549999237060547,23.179000854492188,201952000,-0.06289556260132323,AMZN,1161,442,1.0
2015-08-25,23.318500518798828,24.472000122070312,23.3125,24.374500274658203,113586000,0.006474291072001703,AMZN,1160,441,1.0
2015-08-26,25.03849983215332,25.18600082397461,23.937999725341797,24.201000213623047,127172000,0.07376114566062553,AMZN,1159,440,1.0
2015-08-27,25.918500900268555,26.13450050354004,25.363000869750977,25.68549919128418,122290000,0.03514591824647484,AMZN,1158,439,1.0
2015-08-28,25.90049934387207,26.075000762939453,25.652000427246094,25.875,54934000,-0.0006945446600384875,AMZN,1157,438,1.0
2015-08-31,25.644500732421875,25.970500946044922,25.453500747680664,25.82200050354004,60046000,-0.009883925713222386,AMZN,1154,435,1.0
2015-09-01,24.82699966430664,25.5,24.671499252319336,24.957000732421875,77290000,-0.03187822124693118,AMZN,1153,434,1.0
2015-09-02,25.52750015258789,25.542999267578125,24.88599967956543,25.254499435424805,74142000,0.028215269575580182,AMZN,1152,433,1.0
2015-09-03,25.236000061035156,25.79199981689453,25.12849998474121,25.725000381469727,62994000,-0.011419061396937602,AMZN,1151,432,1.0
2015-09-04,24.950000762939453,25.142499923706055,24.781999588012695,24.88249969482422,53850000,-0.011332988484862638,AMZN,1150,431,1.0
2015-09-08,25.87700080871582,25.917499542236328,25.425500869750977,25.434499740600586,76214000,0.03715430931582686,AMZN,1146,427,1.0
2015-09-09,25.844499588012695,26.497499465942383,25.753000259399414,26.200000762939453,87414000,-0.0012559887037673079,AMZN,1145,426,1.0
2015-09-10,26.11199951171875,26.306499481201172,25.73900032043457,25.75749969482422,51520000,0.010350361894030602,AMZN,1144,425,1.0
2015-09-11,26.472000122070312,26.472000122070312,26.030500411987305,26.053499221801758,64558000,0.013786788338058908,AMZN,1143,424,1.0
2015-09-14,26.069000244140625,26.622499465942383,25.929000854492188,26.472000122070312,62604000,-0.01522362783587694,AMZN,1140,421,1.0
2015-09-15,26.118499755859375,26.395999908447266,25.860000610351562,26.162500381469727,57318000,0.001898788264036888,AMZN,1139,420,1.0
2015-09-16,26.36949920654297,26.415000915527344,25.926000595092773,26.099000930786133,45056000,0.009610025576882064,AMZN,1138,419,1.0
2015-09-17,26.943500518798828,27.348499298095703,26.328500747680664,26.349000930786133,83390000,0.02176762280390343,AMZN,1137,418,1.0
2015-09-18,27.01300048828125,27.312000274658203,26.5674991607666,26.731000900268555,123202000,0.002579470675457829,AMZN,1136,417,1.0
2015-09-21,27.41950035095215,27.48900032043457,26.97949981689453,27.21649932861328,65666000,0.015048304717102612,AMZN,1133,414,1.0
2015-09-22,26.920000076293945,27.177499771118164,26.632999420166016,26.98550033569336,76834000,-0.0182169721645149,AMZN,1132,413,1.0
2015-09-23,26.803499221801758,27.06049919128418,26.700000762939453,26.915000915527344,44752000,-0.004327669173923243,AMZN,1131,412,1.0
2015-09-24,26.6875,26.72800064086914,26.14349937438965,26.52750015258789,70020000,-0.004327764104300469,AMZN,1130,411,1.0
2015-09-25,26.212499618530273,27.139999389648438,26.06999969482422,27.12849998474121,80620000,-0.01779860914172282,AMZN,1129,410,1.0
2015-09-28,25.202999114990234,26.013999938964844,24.71649932861328,26.000999450683594,108690000,-0.03851217999928547,AMZN,1126,407,1.0
2015-09-29,24.803499221801758,25.573999404907227,24.524999618530273,25.299999237060547,89150000,-0.015851283863707377,AMZN,1125,406,1.0
2015-09-30,25.594499588012695,25.639999389648438,25.083499908447266,25.27199935913086,80094000,0.03189067635729659,AMZN,1124,405,1.0
2015-10-01,26.035999298095703,26.040000915527344,25.299999237060547,25.549999237060547,75370000,0.017249788712016212,AMZN,1123,404,1.0
2015-10-02,26.62700080871582,26.6299991607666,25.405000686645508,25.649499893188477,91956000,0.02269939800863896,AMZN,1122,403,1.0
2015-10-05,27.18400001525879,27.295499801635742,26.799999237060547,26.84950065612793,67828000,0.02091858600765306,AMZN,1119,400,1.0
2015-10-06,26.874000549316406,27.575000762939453,26.666500091552734,27.274999618530273,90056000,-0.011403747269289832,AMZN,1118,399,1.0
2015-10-07,27.097000122070312,27.100000381469727,26.450000762939453,27.089500427246094,76242000,0.008297967113034765,AMZN,1117,398,1.0
2015-10-08,26.658000946044922,26.969499588012695,25.99449920654297,26.835500717163086,93528000,-0.016201024986076895,AMZN,1116,397,1.0
2015-10-09,26.989999771118164,27.089500427246094,26.513500213623047,26.724000930786133,70748000,0.012454003049410911,AMZN,1115,396,1.0
2015-10-12,27.50950050354004,27.541000366210938,26.989999771118164,26.99799919128418,55522000,0.0192478968813401,AMZN,1112,393,1.0
2015-10-13,27.44499969482422,27.65999984741211,27.155000686645508,27.312999725341797,58760000,-0.002344673932102803,AMZN,1111,392,1.0
2015-10-14,27.241500854492188,27.612499237060547,26.983999252319336,27.566999435424805,71642000,-0.007414787487514896,AMZN,1110,391,1.0
2015-10-15,28.121999740600586,28.149999618530273,27.350000381469727,27.387500762939453,98740000,0.032321966796598156,AMZN,1109,390,1.0
2015-10-16,28.538000106811523,28.547000885009766,28.015499114990234,28.263500213623047,86316000,0.014792702156608994,AMZN,1108,389,1.0
2015-10-19,28.657499313354492,28.950000762939453,28.368999481201172,28.538000106811523,87508000,0.00418737143793213,AMZN,1105,386,1.0
2015-10-20,28.04400062561035,28.649999618530273,27.763999938964844,28.600000381469727,86924000,-0.021407963096705007,AMZN,1104,385,1.0
2015-10-21,27.78849983215332,28.262500762939453,27.625999450683594,28.193500518798828,66872000,-0.00911071130214225,AMZN,1103,384,1.0
2015-10-22,28.195499420166016,28.457500457763672,27.833499908447266,28.135000228881836,155588000,0.014646331772892873,AMZN,1102,383,1.0
2015-10-23,29.951499938964844,30.97249984741211,29.76799964904785,30.884000778198242,213854000,0.062279461435710504,AMZN,1101,382,1.0
2015-10-26,30.430500030517578,30.49250030517578,29.81450080871582,30.114999771118164,85394000,0.01599252433196474,AMZN,1098,379,1.0
2015-10-27,30.550500869750977,30.73550033569336,30.276500701904297,30.43000030517578,75742000,0.00394343961200283,AMZN,1097,378,1.0
2015-10-28,30.854999542236328,30.861499786376953,30.475000381469727,30.614999771118164,78524000,0.009967059911179632,AMZN,1096,377,1.0
2015-10-29,31.327499389648438,31.37700080871582,30.769500732421875,30.885000228881836,77920000,0.015313558723775822,AMZN,1095,376,1.0
2015-10-30,31.295000076293945,31.535999298095703,31.263999938964844,31.300500869750977,77488000,-0.0010374052825049551,AMZN,1094,375,1.0
2015-11-02,31.417499542236328,31.431499481201172,31.02050018310547,31.35650062561035,56330000,0.003914346242011257,AMZN,1091,372,1.0
2015-11-03,31.265499114990234,31.49449920654297,31.100000381469727,31.476499557495117,64938000,-0.004838081625234136,AMZN,1090,371,1.0
2015-11-04,32.04750061035156,32.29650115966797,31.36750030517578,31.38800048828125,96810000,0.025011642785078614,AMZN,1089,370,1.0
2015-11-05,32.782501220703125,32.849998474121094,32.15449905395508,32.35499954223633,94476000,0.022934724903762138,AMZN,1088,369,1.0
2015-11-06,32.96849822998047,33.112998962402344,32.599998474121094,32.75,81844000,0.005673667424738182,AMZN,1087,368,1.0
2015-11-09,32.77450180053711,33.097999572753906,32.39250183105469,32.932498931884766,80976000,-0.005884296824504642,AMZN,1084,365,1.0
2015-11-10,32.98400115966797,33.0,32.362998962402344,32.550498962402344,69790000,0.006392144735131389,AMZN,1083,364,1.0
2015-11-11,33.662498474121094,33.79800033569336,33.162498474121094,33.162498474121094,107746000,0.02057049753208151,AMZN,1082,363,1.0
2015-11-12,33.279998779296875,33.78200149536133,33.21099853515625,33.650001525878906,85694000,-0.0113627838741166,AMZN,1081,362,1.0
2015-11-13,32.11750030517578,33.349998474121094,32.022499084472656,33.17850112915039,125222000,-0.03493084485460596,AMZN,1080,361,1.0
2015-11-16,32.390499114990234,32.4995002746582,31.114500045776367,32.04600143432617,148718000,0.008500001781597488,AMZN,1077,358,1.0
2015-11-17,32.165000915527344,32.662498474121094,32.04999923706055,32.532501220703125,86404000,-0.006961862448069844,AMZN,1076,357,1.0
2015-11-18,33.176998138427734,33.24399948120117,32.31850051879883,32.32550048828125,89396000,0.03146268285700127,AMZN,1075,356,1.0
2015-11-19,33.063499450683594,33.643001556396484,32.95000076293945,33.2495002746582,94104000,-0.0034210053384148287,AMZN,1074,355,1.0
2015-11-20,33.42250061035156,33.44350051879883,32.878501892089844,33.39699935913086,77922000,0.010857929911606723,AMZN,1073,354,1.0
2015-11-23,33.949501037597656,34.13850021362305,33.50600051879883,33.57500076293945,87702000,0.01576783357385514,AMZN,1070,351,1.0
2015-11-24,33.557498931884766,33.790000915527344,33.06050109863281,33.707000732421875,90868000,-0.01154662347699209,AMZN,1069,350,1.0
2015-11-25,33.766998291015625,33.98500061035156,33.5620002746582,33.75,53958000,0.006242996820356117,AMZN,1068,349,1.0
2015-11-27,33.66299819946289,34.04949951171875,33.60499954223633,34.040000915527344,39336000,-0.0030799329764649164,AMZN,1066,347,1.0
2015-11-30,33.2400016784668,34.06449890136719,33.22999954223633,33.79499816894531,113864000,-0.012565622304041901,AMZN,1063,344,1.0
2015-12-01,33.952999114990234,34.04999923706055,33.393001556396484,33.6875,95024000,0.021449981965113052,AMZN,1062,343,1.0
2015-12-02,33.800498962402344,34.24100112915039,33.712501525878906,34.04999923706055,85470000,-0.00449150757114003,AMZN,1061,342,1.0
2015-12-03,33.3125,34.13949966430664,33.07400131225586,33.97200012207031,101294000,-0.014437625993189207,AMZN,1060,341,1.0
2015-12-04,33.63199996948242,33.73899841308594,33.06999969482422,33.29999923706055,90696000,0.009590993455382169,AMZN,1059,340,1.0
2015-12-07,33.49150085449219,33.77299880981445,33.025001525878906,33.73699951171875,74656000,-0.004177542671197743,AMZN,1056,337,1.0
2015-12-08,33.86650085449219,33.9995002746582,32.989498138427734,33.15650177001953,73038000,0.01119687056215346,AMZN,1055,336,1.0
2015-12-09,33.239498138427734,33.95000076293945,32.784000396728516,33.900001525878906,103164000,-0.018513950371146337,AMZN,1054,335,1.0
2015-12-10,33.11600112915039,33.42649841308594,32.97800064086914,33.27949905395508,69110000,-0.0037153692502526203,AMZN,1053,334,1.0
2015-12-11,32.00749969482422,32.89400100708008,31.981000900268555,32.561500549316406,109488000,-0.03347328773190594,AMZN,1052,333,1.0
2015-12-14,32.89550018310547,32.929500579833984,31.763500213623047,32.087501525878906,86594000,0.027743513137480136,AMZN,1049,330,1.0
2015-12-15,32.93199920654297,33.57500076293945,32.86750030517578,33.25149917602539,95068000,0.001109544564889875,AMZN,1048,329,1.0
2015-12-16,33.78850173950195,33.86750030517578,32.965999603271484,33.178001403808594,79290000,0.02600821552275545,AMZN,1047,328,1.0
2015-12-17,33.532501220703125,34.125,33.532501220703125,34.0,73632000,-0.007576557278937912,AMZN,1046,327,1.0
2015-12-18,33.207000732421875,33.84199905395508,33.20650100708008,33.432498931884766,136826000,-0.009707014879053677,AMZN,1045,326,1.0
2015-12-21,33.22549819946289,33.494998931884766,32.94649887084961,33.42499923706055,65018000,0.0005570351622559144,AMZN,1042,323,1.0
2015-12-22,33.157501220703125,33.42449951171875,32.9630012512207,33.34149932861328,53356000,-0.0020465299978816853,AMZN,1041,322,1.0
2015-12-23,33.185001373291016,33.33000183105469,32.83150100708008,33.32500076293945,54458000,0.0008293795242544366,AMZN,1040,321,1.0
2015-12-24,33.13949966430664,33.23400115966797,33.029998779296875,33.16749954223633,21824000,-0.0013711528431936681,AMZN,1039,320,1.0
2015-12-28,33.7599983215332,33.775001525878906,33.275001525878906,33.27799987792969,75672000,0.018723839029316514,AMZN,1035,316,1.0
2015-12-29,34.69850158691406,34.821998596191406,33.894500732421875,33.89899826049805,114700000,0.027799268721593773,AMZN,1034,315,1.0
2015-12-30,34.45349884033203,34.77450180053711,34.319000244140625,34.59450149536133,70380000,-0.00706090278764171,AMZN,1033,314,1.0
2015-12-31,33.794498443603516,34.38750076293945,33.794498443603516,34.30400085449219,74992000,-0.0191272416128917,AMZN,1032,313,1.0
2016-01-04,31.84950065612793,32.88600158691406,31.375499725341797,32.81449890136719,186290000,-0.05755368113308179,AMZN,1028,309,1.0
2016-01-05,31.68950080871582,32.34550094604492,31.38249969482422,32.34299850463867,116452000,-0.005023621850138049,AMZN,1027,308,1.0
2016-01-06,31.63249969482422,31.989500045776367,31.015499114990234,31.100000381469727,106584000,-0.001798738144714651,AMZN,1026,307,1.0
2016-01-07,30.39699935913086,31.5,30.260499954223633,31.09000015258789,141498000,-0.03905794191457823,AMZN,1025,306,1.0
2016-01-08,30.352500915527344,31.207000732421875,30.299999237060547,30.982999801635742,110258000,-0.0014639090877944794,AMZN,1024,305,1.0
2016-01-11,30.886999130249023,30.99250030517578,29.928499221801758,30.624000549316406,97832000,0.017609692730401916,AMZN,1021,302,1.0
2016-01-12,30.894500732421875,31.29949951171875,30.61199951171875,31.262500762939453,94482000,0.0002428724830541018,AMZN,1020,301,1.0
2016-01-13,29.090499877929688,31.04400062561035,28.95800018310547,31.04400062561035,153104000,-0.05839229674292812,AMZN,1019,300,1.0
2016-01-14,29.649999618530273,30.112499237060547,28.493999481201172,29.012500762939453,144760000,0.019233074128955252,AMZN,1018,299,1.0
2016-01-15,28.509000778198242,29.231000900268555,28.264999389648438,28.61199951171875,155690000,-0.038482254806470384,AMZN,1017,298,1.0
2016-01-19,28.724000930786133,29.200000762939453,28.322500228881836,28.85449981689453,96144000,0.007541483276127581,AMZN,1013,294,1.0
2016-01-20,28.588499069213867,28.922500610351562,27.358999252319336,28.218000411987305,159328000,-0.004717374222998116,AMZN,1012,293,1.0
2016-01-21,28.750999450683594,29.440500259399414,28.410999298095703,28.679000854492188,99044000,0.0056841172765420556,AMZN,1011,292,1.0
2016-01-22,29.819000244140625,30.0049991607666,29.20549964904785,29.436500549316406,102402000,0.03714656234086622,AMZN,1010,291,1.0
2016-01-25,29.826499938964844,30.424999237060547,29.72800064086914,29.899499893188477,87922000,0.00025150725251732453,AMZN,1007,288,1.0
2016-01-26,30.0625,30.225000381469727,29.518999099731445,30.172500610351562,75314000,0.007912428931255544,AMZN,1006,287,1.0
2016-01-27,29.167499542236328,30.16950035095215,28.93899917602539,30.09950065612793,103058000,-0.02977132499837576,AMZN,1005,286,1.0
2016-01-28,31.767499923706055,31.902999877929688,29.877500534057617,30.418500900268555,280304000,0.08914032475443312,AMZN,1004,285,1.0
2016-01-29,29.350000381469727,29.649999618530273,28.5,28.599000930786133,293552000,-0.0760997732916433,AMZN,1003,284,1.0
2016-02-01,28.74049949645996,29.09000015258789,28.515499114990234,28.907499313354492,127102000,-0.020766639764494776,AMZN,1000,281,1.0
2016-02-02,27.604999542236328,28.577999114990234,27.504499435424805,28.5,126240000,-0.039508706324449805,AMZN,999,280,1.0
2016-02-03,26.553499221801758,27.799999237060547,26.094999313354492,27.674999237060547,200974000,-0.03809093779645778,AMZN,998,279,1.0
2016-02-04,26.812999725341797,26.949499130249023,25.961000442504883,26.25,123982000,0.009772742242836863,AMZN,997,278,1.0
2016-02-05,25.10650062561035,26.47249984741211,24.95949935913086,26.464000701904297,194178000,-0.06364446787796663,AMZN,996,277,1.0
2016-02-08,24.405000686645508,24.674999237060547,23.760499954223633,24.32349967956543,196510000,-0.02794096833428339,AMZN,993,274,1.0
2016-02-09,24.103500366210938,24.91900062561035,23.700000762939453,23.90049934387207,141558000,-0.012354038596669725,AMZN,992,273,1.0
2016-02-10,24.52400016784668,25.232999801635742,24.299999237060547,24.58799934387207,135724000,0.017445590692097612,AMZN,991,272,1.0
2016-02-11,25.19099998474121,25.46500015258789,24.200000762939453,24.558500289916992,147948000,0.02719783935448805,AMZN,990,271,1.0
2016-02-12,25.354000091552734,25.837499618530273,25.074499130249023,25.53499984741211,107696000,0.006470569128270265,AMZN,989,270,1.0
2016-02-16,26.05500030517578,26.22249984741211,25.58300018310547,25.974000930786133,102370000,0.02764850560431298,AMZN,985,266,1.0
2016-02-17,26.704999923706055,26.874000549316406,25.969499588012695,26.437000274658203,96480000,0.024947212086624093,AMZN,984,265,1.0
2016-02-18,26.25,27.059999465942383,26.186500549316406,27.059499740600586,94700000,-0.01703800505545594,AMZN,983,264,1.0
2016-02-19,26.7450008392334,26.797500610351562,25.767499923706055,26.035499572753906,99494000,0.018857174827938916,AMZN,982,263,1.0
2016-02-22,27.975000381469727,28.032499313354492,27.054000854492188,27.110000610351562,111332000,0.04598988609609567,AMZN,979,260,1.0
2016-02-23,27.64699935913086,27.845500946044922,27.26650047302246,27.77750015258789,81016000,-0.011724790629712767,AMZN,978,259,1.0
2016-02-24,27.70199966430664,27.713499069213867,26.657499313354492,27.287500381469727,124634000,0.0019893770192320748,AMZN,977,258,1.0
2016-02-25,27.75749969482422,27.969499588012695,27.26449966430664,27.775999069213867,90510000,0.0020034665796739848,AMZN,976,257,1.0
2016-02-26,27.761499404907227,28.125,27.65850067138672,28.006000518798828,97540000,0.0001440947537416637,AMZN,975,256,1.0
2016-02-29,27.625999450683594,28.24049949645996,27.625499725341797,27.700000762939453,82908000,-0.004880858639777941,AMZN,972,253,1.0
2016-03-01,28.95199966430664,28.962499618530273,27.799999237060547,27.81450080871582,100770000,0.04799827119341504,AMZN,971,252,1.0
2016-03-02,29.010499954223633,29.25,28.684999465942383,29.087499618530273,91644000,0.0020205958343220143,AMZN,970,251,1.0
2016-03-03,28.874500274658203,28.993499755859375,28.655500411987305,28.898000717163086,54826000,-0.00468794677030826,AMZN,969,250,1.0
2016-03-04,28.756999969482422,29.06999969482422,28.553499221801758,29.053499221801758,68330000,-0.004069345064264374,AMZN,968,249,1.0
2016-03-07,28.139999389648438,28.681499481201172,27.77750015258789,28.677000045776367,98538000,-0.021455665767943777,AMZN,965,246,1.0
2016-03-08,28.01300048828125,28.5674991607666,27.73699951171875,27.89349937438965,94600000,-0.00451310959921003,AMZN,964,245,1.0
2016-03-09,27.973499298095703,28.017499923706055,27.506500244140625,27.97800064086914,87546000,-0.0014101020775004747,AMZN,963,244,1.0
2016-03-10,27.946500778198242,28.350000381469727,27.395000457763672,28.336999893188477,78398000,-0.0009651463197276611,AMZN,962,243,1.0
2016-03-11,28.480499267578125,28.503000259399414,28.136499404907227,28.34749984741211,75426000,0.019107883796187775,AMZN,961,242,1.0
2016-03-14,28.668500900268555,28.844499588012695,28.15250015258789,28.350000381469727,69084000,0.006601065203391654,AMZN,958,239,1.0
2016-03-15,28.85099983215332,29.076000213623047,28.350000381469727,28.549999237060547,77536000,0.006365834492694233,AMZN,957,238,1.0
2016-03-16,28.713499069213867,29.06599998474121,28.55699920654297,28.832000732421875,70754000,-0.004765892473030164,AMZN,956,237,1.0
2016-03-17,27.972000122070312,28.56999969482422,27.750499725341797,28.475500106811523,118562000,-0.025824053883372833,AMZN,955,236,1.0
2016-03-18,27.604000091552734,28.116500854492188,27.304500579833984,28.047000885009766,145938000,-0.013156014189604548,AMZN,954,235,1.0
2016-03-21,27.698999404907227,27.761999130249023,26.929000854492188,27.445499420166016,103114000,0.003441505326742922,AMZN,951,232,1.0
2016-03-22,28.02400016784668,28.13800048828125,27.252500534057617,27.25550079345703,80012000,0.011733303365531578,AMZN,950,231,1.0
2016-03-23,28.48150062561035,28.624000549316406,27.905000686645508,28.049999237060547,79674000,0.016325308843260222,AMZN,949,230,1.0
2016-03-24,29.147499084472656,29.177499771118164,28.354000091552734,28.355499267578125,103710000,0.023383545256862037,AMZN,948,229,1.0
2016-03-28,28.993499755859375,29.237499237060547,28.777999877929688,29.219999313354492,62430000,-0.005283449127727047,AMZN,944,225,1.0
2016-03-29,29.69300079345703,29.792499542236328,28.825000762939453,29.00749969482422,87852000,0.024126133219094736,AMZN,943,224,1.0
2016-03-30,29.934499740600586,30.16200065612793,29.75,29.835500717163086,77810000,0.008133194378816988,AMZN,942,223,1.0
2016-03-31,29.68199920654297,30.037500381469727,29.61050033569336,29.964000701904297,53636000,-0.00843510117909696,AMZN,941,222,1.0
2016-04-01,29.924999237060547,29.951499938964844,29.415000915527344,29.524499893188477,58348000,0.008186781113585173,AMZN,940,221,1.0
2016-04-04,29.659500122070312,29.975000381469727,29.52750015258789,29.950000762939453,49416000,-0.008872151103062609,AMZN,937,218,1.0
2016-04-05,29.30699920654297,29.673500061035156,29.262500762939453,29.53849983215332,46178000,-0.011884924360712312,AMZN,936,217,1.0
2016-04-06,30.104000091552734,30.11949920654297,29.375,29.375999450683594,56998000,0.0271948990544153,AMZN,935,216,1.0
2016-04-07,29.571500778198242,29.979999542236328,29.45400047302246,29.937999725341797,63780000,-0.017688656382376045,AMZN,934,215,1.0
2016-04-08,29.729999542236328,29.89299964904785,29.450000762939453,29.715999603271484,51838000,0.005359848498285968,AMZN,933,214,1.0
2016-04-11,29.796499252319336,30.200000762939453,29.745500564575195,29.80699920654297,54086000,0.0022367881300682235,AMZN,930,211,1.0
2016-04-12,30.15850067138672,30.202999114990234,29.61549949645996,29.920000076293945,52822000,0.012149125841996566,AMZN,929,210,1.0
2016-04-13,30.740999221801758,30.840499877929688,30.26449966430664,30.384000778198242,84566000,0.019314572589733903,AMZN,928,209,1.0
2016-04-14,31.037500381469727,31.2189998626709,30.75349998474121,30.75349998474121,70242000,0.009645137346663946,AMZN,927,208,1.0
2016-04-15,31.29450035095215,31.338499069213867,30.905500411987305,31.09600067138672,57754000,0.008280304996334698,AMZN,926,207,1.0
2016-04-18,31.767499923706055,31.881999969482422,31.24799919128418,31.267499923706055,87218000,0.015114463162838598,AMZN,923,204,1.0
2016-04-19,31.395000457763672,31.90049934387207,31.040000915527344,31.85700035095215,81118000,-0.011725803630660003,AMZN,922,203,1.0
2016-04-20,31.649499893188477,31.827499389648438,31.149999618530273,31.5,52188000,0.008106368266093344,AMZN,921,202,1.0
2016-04-21,31.549999237060547,31.891000747680664,31.424999237060547,31.549999237060547,51926000,-0.003143830280532889,AMZN,920,201,1.0
2016-04-22,31.024999618530273,31.412500381469727,30.577999114990234,31.223499298095703,101678000,-0.016640241877203477,AMZN,919,200,1.0
2016-04-25,31.309999465942383,31.349000930786133,30.8125,30.83049964904785,53658000,0.00918613540423352,AMZN,916,197,1.0
2016-04-26,30.8439998626709,31.337499618530273,30.743999481201172,31.308500289916992,50428000,-0.014883411409137182,AMZN,915,196,1.0
2016-04-27,30.328500747680664,30.797500610351562,30.06399917602539,30.59000015258789,81376000,-0.016713108458223047,AMZN,914,195,1.0
2016-04-28,30.100000381469727,31.34000015258789,29.959999084472656,30.777000427246094,157452000,-0.00753417942126311,AMZN,913,194,1.0
2016-04-29,32.97949981689453,33.499000549316406,32.70000076293945,33.29999923706055,206214000,0.09566443185819673,AMZN,912,193,1.0
2016-05-02,34.192501068115234,34.275001525878906,33.10150146484375,33.19599914550781,131570000,0.03678046234647003,AMZN,909,190,1.0
2016-05-03,33.566001892089844,34.01499938964844,33.52149963378906,33.86800003051758,98468000,-0.0183227069227061,AMZN,908,189,1.0
2016-05-04,33.54499816894531,33.70000076293945,33.106998443603516,33.12950134277344,92710000,-0.000625743965934844,AMZN,907,188,1.0
2016-05-05,32.954498291015625,33.824501037597656,32.79999923706055,33.66550064086914,97682000,-0.01760321687769084,AMZN,906,187,1.0
2016-05-06,33.6974983215332,33.84749984741211,32.800498962402344,32.8025016784668,87306000,0.022546240090086433,AMZN,905,186,1.0
2016-05-09,33.98749923706055,34.3489990234375,33.570499420166016,33.6974983215332,79644000,0.008606007269745364,AMZN,902,183,1.0
2016-05-10,35.153499603271484,35.227500915527344,34.67499923706055,34.70000076293945,122112000,0.03430674196057093,AMZN,901,182,1.0
2016-05-11,35.6614990234375,35.95000076293945,35.08250045776367,35.28950119018555,146764000,0.014450891828668544,AMZN,900,181,1.0
2016-05-12,35.89649963378906,36.122501373291016,35.57550048828125,35.86899948120117,100964000,0.006589756930776014,AMZN,899,180,1.0
2016-05-13,35.49599838256836,35.962501525878906,35.32550048828125,35.731998443603516,95268000,-0.011157111565377131,AMZN,898,179,1.0
2016-05-16,35.53300094604492,35.662498474121094,35.013999938964844,35.506500244140625,108658000,0.0010424432376223702,AMZN,895,176,1.0
2016-05-17,34.76350021362305,35.7234992980957,34.695499420166016,35.494998931884766,102428000,-0.021655945513589514,AMZN,894,175,1.0
2016-05-18,34.872501373291016,35.12699890136719,34.4379997253418,34.47800064086914,85664000,0.003135505889745094,AMZN,893,174,1.0
2016-05-19,34.92599868774414,34.970001220703125,34.47800064086914,34.59400177001953,60512000,0.0015340830839882802,AMZN,892,173,1.0
2016-05-20,35.13999938964844,35.36199951171875,35.0,35.0525016784668,58324000,0.006127260778355126,AMZN,891,172,1.0
2016-05-23,34.837501525878906,35.29999923706055,34.82099914550781,35.212501525878906,51902000,-0.008608362806592496,AMZN,888,169,1.0
2016-05-24,35.209999084472656,35.375,34.900001525878906,34.9005012512207,60676000,0.010692430348859583,AMZN,887,168,1.0
2016-05-25,35.41749954223633,35.542999267578125,35.2760009765625,35.400001525878906,65354000,0.005893225309828942,AMZN,886,167,1.0
2016-05-26,35.74549865722656,35.75,35.364498138427734,35.416500091552734,48934000,0.0092609336974534,AMZN,885,166,1.0
2016-05-27,35.61199951171875,35.83000183105469,35.55500030517578,35.75,44984000,-0.003734712076280511,AMZN,884,165,1.0
2016-05-31,36.13949966430664,36.21149826049805,35.566001892089844,35.61650085449219,72366000,0.014812427266666317,AMZN,880,161,1.0
2016-06-01,35.97200012207031,36.32149887084961,35.9109992980957,36.04499816894531,65262000,-0.004634805235053108,AMZN,879,160,1.0
2016-06-02,36.4119987487793,36.41400146484375,35.775001525878906,36.048500061035156,60532000,0.012231697576333245,AMZN,878,159,1.0
2016-06-03,36.277000427246094,36.349998474121094,35.92150115966797,36.33700180053711,67346000,-0.003707522964191301,AMZN,877,158,1.0
2016-06-06,36.33649826049805,36.57500076293945,36.22100067138672,36.32500076293945,54096000,0.0016400979284734163,AMZN,874,155,1.0
2016-06-07,36.1870002746582,36.5,36.02750015258789,36.49449920654297,54650000,-0.004114265077721169,AMZN,873,154,1.0
2016-06-08,36.332000732421875,36.47100067138672,36.08000183105469,36.31999969482422,44468000,0.004006976446323973,AMZN,872,153,1.0
2016-06-09,36.38249969482422,36.445499420166016,36.1150016784668,36.154998779296875,43406000,0.0013899306777587217,AMZN,871,152,1.0
2016-06-10,35.89550018310547,36.249000549316406,35.71049880981445,36.11750030517578,68514000,-0.013385542934204464,AMZN,870,151,1.0
2016-06-13,35.762001037597656,36.0994987487793,35.55799865722656,35.70050048828125,67044000,-0.0037191053147838105,AMZN,867,148,1.0
2016-06-14,35.96500015258789,36.04050064086914,35.61349868774414,35.61650085449219,50138000,0.005676391395907032,AMZN,866,147,1.0
2016-06-15,35.7130012512207,36.12799835205078,35.66749954223633,36.099998474121094,54188000,-0.007006781601502476,AMZN,865,146,1.0
2016-06-16,35.8754997253418,35.900001525878906,35.26499938964844,35.602500915527344,61960000,0.004550120920334022,AMZN,864,145,1.0
2016-06-17,35.31949996948242,35.90999984741211,34.95899963378906,35.90950012207031,117956000,-0.01549803515257031,AMZN,863,144,1.0
2016-06-20,35.70050048828125,36.06549835205078,35.54050064086914,35.67499923706055,73544000,0.010787256873059592,AMZN,860,141,1.0
2016-06-21,35.79100036621094,35.91999816894531,35.63600158691406,35.7859992980957,42750000,0.0025349750477419164,AMZN,859,140,1.0
2016-06-22,35.529998779296875,35.849998474121094,35.378501892089844,35.82899856567383,45210000,-0.0072923803258784226,AMZN,858,139,1.0
2016-06-23,36.104000091552734,36.10599899291992,35.625,35.775001525878906,56500000,0.016155399154990313,AMZN,857,138,1.0
2016-06-24,34.948001861572266,35.62649917602539,34.61000061035156,34.650001525878906,152650000,-0.03201856378930534,AMZN,856,137,1.0
2016-06-27,34.56800079345703,34.840999603271484,34.10599899291992,34.60049819946289,111360000,-0.01087332745432501,AMZN,853,134,1.0
2016-06-28,35.397499084472656,35.400001525878906,34.90850067138672,35.0,80740000,0.023996131450350733,AMZN,852,133,1.0
2016-06-29,35.779998779296875,35.974998474121094,35.676998138427734,35.787498474121094,61402000,0.010805839528702954,AMZN,851,132,1.0
2016-06-30,35.78099822998047,35.96849822998047,35.62699890136719,35.86000061035156,57102000,2.7933222965126348e-05,AMZN,850,131,1.0
2016-07-01,36.284000396728516,36.400001525878906,35.82699966430664,35.86600112915039,58408000,0.014057801392656222,AMZN,849,130,1.0
2016-07-05,36.404998779296875,36.47800064086914,35.980499267578125,36.13999938964844,48628000,0.003334758605593846,AMZN,845,126,1.0
2016-07-06,36.88050079345703,36.88850021362305,36.12900161743164,36.285499572753906,78764000,0.013061448430278899,AMZN,844,125,1.0
2016-07-07,36.82849884033203,36.977500915527344,36.58150100708008,36.96649932861328,58916000,-0.0014100121203947102,AMZN,843,124,1.0
2016-07-08,37.29050064086914,37.30500030517578,36.900001525878906,37.00699996948242,68584000,0.012544681838379868,AMZN,842,123,1.0
2016-07-11,37.68899917602539,37.79499816894531,37.349998474121094,37.5,63906000,0.010686328376066534,AMZN,839,120,1.0
2016-07-12,37.410499572753906,37.867000579833984,37.01649856567383,37.84299850463867,112474000,-0.0073894136050352,AMZN,838,119,1.0
2016-07-13,37.131500244140625,37.84349822998047,37.0625,37.3380012512207,82846000,-0.007457781419643927,AMZN,837,118,1.0
2016-07-14,37.060001373291016,37.45199966430664,36.95100021362305,37.44300079345703,47810000,-0.0019255583636400564,AMZN,836,117,1.0
2016-07-15,36.77199935913086,37.32749938964844,36.70249938964844,37.32749938964844,62428000,-0.007771235927900411,AMZN,835,116,1.0
2016-07-18,36.80350112915039,37.08000183105469,36.43600082397461,36.77450180053711,59098000,0.0008566781945107405,AMZN,832,113,1.0
2016-07-19,36.997501373291016,37.166500091552734,36.615501403808594,36.625,44336000,0.005271244261784824,AMZN,831,112,1.0
2016-07-20,37.2859992980957,37.3125,37.03499984741211,37.20000076293945,44280000,0.007797767797718347,AMZN,830,111,1.0
2016-07-21,37.221500396728516,37.46799850463867,37.13949966430664,37.375,46342000,-0.001729842369290635,AMZN,829,110,1.0
2016-07-22,37.24300003051758,37.56399917602539,37.17649841308594,37.38949966430664,45554000,0.0005776133030614972,AMZN,828,109,1.0
2016-07-25,36.980499267578125,37.42499923706055,36.76750183105469,37.32749938964844,53586000,-0.00704832485901663,AMZN,825,106,1.0
2016-07-26,36.77949905395508,37.15650177001953,36.63750076293945,37.135501861572266,50594000,-0.005435302865131164,AMZN,824,105,1.0
2016-07-27,36.833499908447266,37.047000885009766,36.69300079345703,36.89849853515625,58262000,0.0014682324632255828,AMZN,823,104,1.0
2016-07-28,37.63050079345703,37.667999267578125,36.98500061035156,37.29899978637695,152352000,0.02163793522176216,AMZN,822,103,1.0
2016-07-29,37.94049835205078,38.29999923706055,37.75,38.25,135542000,0.008237933380032203,AMZN,821,102,1.0
2016-08-01,38.387001037597656,38.525001525878906,37.85300064086914,37.993499755859375,71564000,0.011768498173212238,AMZN,818,99,1.0
2016-08-02,38.02899932861328,38.2504997253418,37.85100173950195,38.19049835205078,72066000,-0.009326118199067812,AMZN,817,98,1.0
2016-08-03,37.731998443603516,37.94449996948242,37.61249923706055,37.85300064086914,71630000,-0.007809852750616519,AMZN,816,97,1.0
2016-08-04,38.03850173950195,38.25,37.51750183105469,37.685001373291016,63564000,0.008123166239301094,AMZN,815,96,1.0
2016-08-05,38.29899978637695,38.423500061035156,38.15449905395508,38.240501403808594,54088000,0.0068482730644587875,AMZN,814,95,1.0
2016-08-08,38.327999114990234,38.349998474121094,38.05099868774414,38.34049987792969,39726000,0.0007571824009773298,AMZN,811,92,1.0
2016-08-09,38.41550064086914,38.630001068115234,38.345001220703125,38.36949920654297,37522000,0.0022829661839740556,AMZN,810,91,1.0
2016-08-10,38.428001403808594,38.60499954223633,38.30950164794922,38.4900016784668,32086000,0.0003254093459907903,AMZN,809,90,1.0
2016-08-11,38.5620002746582,38.6875,38.45600128173828,38.49700164794922,40394000,0.003487011188573863,AMZN,808,89,1.0
2016-08-12,38.62799835205078,38.657501220703125,38.42100143432617,38.42300033569336,31266000,0.0017114796152302159,AMZN,807,88,1.0
2016-08-15,38.42449951171875,38.60200119018555,38.385501861572266,38.595001220703125,42370000,-0.005268169437032899,AMZN,804,85,1.0
2016-08-16,38.20199966430664,38.436500549316406,38.191001892089844,38.430999755859375,32092000,-0.005790572427475604,AMZN,803,84,1.0
2016-08-17,38.23149871826172,38.26100158691406,37.959999084472656,38.22050094604492,37822000,0.0007721861215197467,AMZN,802,83,1.0
2016-08-18,38.222999572753906,38.25849914550781,38.029998779296875,38.20000076293945,29176000,-0.0002223074112381873,AMZN,801,82,1.0
2016-08-19,37.865501403808594,38.1245002746582,37.84450149536133,38.095001220703125,46864000,-0.009352959551613638,AMZN,800,81,1.0
2016-08-22,37.9739990234375,37.99250030517578,37.60499954223633,37.875,33586000,0.002865342214060762,AMZN,797,78,1.0
2016-08-23,38.122501373291016,38.23500061035156,38.04999923706055,38.16550064086914,30482000,0.003910632371425082,AMZN,796,77,1.0
2016-08-24,37.86249923706055,38.170501708984375,37.768001556396484,38.150001525878906,34882000,-0.006820175142353779,AMZN,795,76,1.0
2016-08-25,37.96099853515625,38.02799987792969,37.73699951171875,37.79999923706055,32460000,0.0026015001671968463,AMZN,794,75,1.0
2016-08-26,38.45000076293945,38.5,37.9900016784668,38.002498626708984,55536000,0.012881700868071944,AMZN,793,74,1.0
2016-08-29,38.56449890136719,38.749000549316406,38.43000030517578,38.43600082397461,43972000,0.002977844893519377,AMZN,790,71,1.0
2016-08-30,38.37900161743164,38.59199905395508,38.27799987792969,38.5525016784668,34184000,-0.004810053007818782,AMZN,789,70,1.0
2016-08-31,38.45800018310547,38.481998443603516,38.20000076293945,38.33000183105469,32676000,0.0020583799042324102,AMZN,788,69,1.0
2016-09-01,38.53099822998047,38.60200119018555,38.337501525878906,38.54499816894531,35846000,0.0018981238371065245,AMZN,787,68,1.0
2016-09-02,38.62200164794922,38.79999923706055,38.584999084472656,38.705501556396484,43636000,0.00236182352259795,AMZN,786,67,1.0
2016-09-06,39.44350051879883,39.4739990234375,38.51100158691406,38.70199966430664,74396000,0.021270230329795137,AMZN,782,63,1.0
2016-09-07,39.2239990234375,39.53950119018555,39.21649932861328,39.47650146484375,48492000,-0.005564959815286041,AMZN,781,62,1.0
2016-09-08,39.202999114990234,39.32500076293945,39.071998596191406,39.19449996948242,40610000,-0.000535384177292042,AMZN,780,61,1.0
2016-09-09,38.00699996948242,39.04999923706055,38.00550079345703,38.96799850463867,85146000,-0.030507848187831477,AMZN,779,60,1.0
2016-09-12,38.574501037597656,38.632999420166016,37.79999923706055,37.86750030517578,62494000,0.014931488109319435,AMZN,776,57,1.0
2016-09-13,38.050498962402344,38.49449920654297,37.95249938964844,38.438499450683594,62344000,-0.013584156919737689,AMZN,775,56,1.0
2016-09-14,38.054500579833984,38.375,37.942501068115234,38.11000061035156,50460000,0.00010516596472487372,AMZN,774,55,1.0
2016-09-15,38.484500885009766,38.54349899291992,37.87900161743164,38.099998474121094,60680000,0.011299591339365866,AMZN,773,54,1.0
2016-09-16,38.92599868774414,39.02299880981445,38.58300018310547,38.66400146484375,109984000,0.011472093767138869,AMZN,772,53,1.0
2016-09-19,38.755001068115234,39.09700012207031,38.54999923706055,38.99850082397461,45944000,-0.004392889723924931,AMZN,769,50,1.0
2016-09-20,39.01100158691406,39.06850051879883,38.79999923706055,38.79999923706055,38744000,0.006605612482086798,AMZN,768,49,1.0
2016-09-21,39.48699951171875,39.53450012207031,38.95050048828125,39.162498474121094,54372000,0.012201633012272062,AMZN,767,48,1.0
2016-09-22,40.23500061035156,40.294498443603516,39.7135009765625,39.7135009765625,81578000,0.018942971304031886,AMZN,766,47,1.0
2016-09-23,40.287498474121094,40.38750076293945,40.10599899291992,40.15650177001953,47070000,0.001304780986036036,AMZN,765,46,1.0
2016-09-26,39.95800018310547,40.29650115966797,39.85749816894531,40.09000015258789,53028000,-0.00817867337251732,AMZN,762,43,1.0
2016-09-27,40.80550003051758,40.832000732421875,40.05550003051758,40.092498779296875,76392000,0.021209766342872083,AMZN,761,42,1.0
2016-09-28,41.43600082397461,41.50699996948242,40.85150146484375,40.900001525878906,88442000,0.015451367903480895,AMZN,760,41,1.0
2016-09-29,41.45249938964844,41.875,41.23149871826172,41.41299819946289,98444000,0.00039816983651275173,AMZN,759,40,1.0
2016-09-30,41.865501403808594,41.997501373291016,41.619998931884766,41.63050079345703,88612000,0.009963259640341393,AMZN,758,39,1.0
2016-10-03,41.83700180053711,41.99300003051758,41.5625,41.79999923706055,55388000,-0.0006807419549713645,AMZN,755,36,1.0
2016-10-04,41.701499938964844,42.118499755859375,41.51300048828125,42.045501708984375,59006000,-0.003238804305774279,AMZN,754,35,1.0
2016-10-05,42.21799850463867,42.28350067138672,41.805999755859375,41.900001525878906,69382000,0.01238561122333226,AMZN,753,34,1.0
2016-10-06,42.08300018310547,42.36050033569336,42.029998779296875,42.185001373291016,53680000,-0.0031976485459955795,AMZN,752,33,1.0
2016-10-07,41.971500396728516,42.29750061035156,41.872501373291016,42.28950119018555,48524000,-0.002649520849079434,AMZN,751,32,1.0
2016-10-10,42.08549880981445,42.2599983215332,42.01350021362305,42.162498474121094,36542000,0.002716090966689011,AMZN,748,29,1.0
2016-10-11,41.54999923706055,42.06449890136719,41.41749954223633,42.05099868774414,71764000,-0.012724087581184262,AMZN,747,28,1.0
2016-10-12,41.704498291015625,41.88349914550781,41.505001068115234,41.70000076293945,47608000,0.0037183888517926533,AMZN,746,27,1.0
2016-10-13,41.4640007019043,41.59000015258789,41.06050109863281,41.45000076293945,61828000,-0.005766706205961869,AMZN,745,26,1.0
2016-10-14,41.14799880981445,41.7869987487793,41.14799880981445,41.75400161743164,59996000,-0.007621114382127869,AMZN,744,25,1.0
2016-10-17,40.647499084472656,41.099998474121094,40.58399963378906,41.07500076293945,67230000,-0.012163403806223938,AMZN,741,22,1.0
2016-10-18,40.88249969482422,41.16299819946289,40.750999450683594,41.105499267578125,50250000,0.0057814285169965896,AMZN,740,21,1.0
2016-10-19,40.884498596191406,41.03350067138672,40.75849914550781,41.02000045776367,41814000,4.889381476447241e-05,AMZN,739,20,1.0
2016-10-20,40.51599884033203,40.785499572753906,40.154998779296875,40.699501037597656,63040000,-0.009013190047870712,AMZN,738,19,1.0
2016-10-21,40.949501037597656,40.97100067138672,40.45000076293945,40.46799850463867,55860000,0.010699531288220099,AMZN,737,18,1.0
2016-10-24,41.90449905395508,41.915000915527344,41.11050033569336,41.247501373291016,81218000,0.023321359043681378,AMZN,734,15,1.0
2016-10-25,41.75899887084961,42.15449905395508,41.6609992980957,41.96500015258789,64968000,-0.003472185240017467,AMZN,733,14,1.0
2016-10-26,41.12950134277344,41.672000885009766,41.0,41.63800048828125,79962000,-0.015074535910763909,AMZN,732,13,1.0
2016-10-27,40.917999267578125,41.58599853515625,40.77149963378906,41.5620002746582,148128000,-0.005142344747451566,AMZN,731,12,1.0
2016-10-28,38.816001892089844,39.4744987487793,38.730499267578125,39.099998474121094,216822000,-0.05137097153119663,AMZN,730,11,1.0
2016-10-31,39.49100112915039,39.685001373291016,39.00550079345703,39.05149841308594,108266000,0.017389715688315155,AMZN,727,8,1.0
2016-11-01,39.27050018310547,40.04199981689453,38.83549880981445,39.95000076293945,106108000,-0.005583574478747688,AMZN,726,7,1.0
2016-11-02,38.27799987792969,39.23749923706055,38.1775016784668,39.19649887084961,100530000,-0.02527343172478269,AMZN,725,6,1.0
2016-11-03,38.35150146484375,38.849998474121094,38.20000076293945,38.252498626708984,77450000,0.0019202044816464259,AMZN,724,5,1.0
2016-11-04,37.752498626708984,38.29999923706055,37.6614990234375,38.13949966430664,102442000,-0.015618758464616134,AMZN,723,4,1.0
2016-11-07,39.246498107910156,39.38650131225586,38.547000885009766,38.582000732421875,119688000,0.03957352587370733,AMZN,720,1,1.0
2016-11-08,39.38750076293945,39.58700180053711,38.95500183105469,39.24850082397461,68252000,0.003592744877303433,AMZN,719,0,1.0
2016-11-09,38.59400177001953,38.875,38.00450134277344,38.20000076293945,171258000,-0.020145959442710915,AMZN,718,1455,1.0
2016-11-10,37.11899948120117,38.94150161743164,35.8849983215332,38.94049835205078,254940000,-0.038218433465590174,AMZN,717,1454,1.0
2016-11-11,36.95050048828125,37.16299819946289,36.44499969482422,36.7864990234375,132456000,-0.004539427120207162,AMZN,716,1453,1.0
2016-11-14,35.95349884033203,37.29999923706055,35.505001068115234,37.2755012512207,146426000,-0.02698208778702238,AMZN,713,1450,1.0
2016-11-15,37.1619987487793,37.3390007019043,36.29949951171875,36.5,135116000,0.03361285959439342,AMZN,712,1449,1.0
2016-11-16,37.324501037597656,37.493499755859375,36.78049850463867,36.99399948120117,72976000,0.0043728080913219,AMZN,711,1448,1.0
2016-11-17,37.81999969482422,37.875,37.400001525878906,37.465999603271484,73802000,0.013275426153116943,AMZN,710,1447,1.0
2016-11-18,38.007999420166016,38.387001037597656,37.88199996948242,38.04999923706055,87468000,0.0049709076377260075,AMZN,709,1446,1.0
2016-11-21,39.0,39.01750183105469,38.25550079345703,38.29999923706055,92292000,0.026099784123540415,AMZN,706,1443,1.0
2016-11-22,39.26649856567383,39.619998931884766,39.04999923706055,39.40850067138672,106226000,0.006833296555739166,AMZN,705,1442,1.0
2016-11-23,39.00600051879883,39.087501525878906,38.65599822998047,39.08649826049805,70806000,-0.006634104297313703,AMZN,704,1441,1.0
2016-11-25,39.01850128173828,39.337501525878906,38.89500045776367,39.32500076293945,36742000,0.00032048307371135287,AMZN,702,1439,1.0
2016-11-28,38.3385009765625,38.849998474121094,38.21200180053711,38.8494987487793,88776000,-0.017427637731796786,AMZN,699,1436,1.0
2016-11-29,38.125999450683594,38.49449920654297,38.066001892089844,38.400001525878906,65446000,-0.005542770856085788,AMZN,698,1435,1.0
2016-11-30,37.528499603271484,38.40449905395508,37.51250076293945,38.099998474121094,92518000,-0.01567171630962705,AMZN,697,1434,1.0
2016-12-01,37.182498931884766,37.66849899291992,36.9015007019043,37.62049865722656,93320000,-0.009219677712789642,AMZN,696,1433,1.0
2016-12-02,37.016998291015625,37.42449951171875,36.834999084472656,37.16999816894531,71226000,-0.004451035987987906,AMZN,695,1432,1.0
2016-12-05,37.96799850463867,38.074501037597656,37.099998474121094,37.25,86294000,0.0256909057332686,AMZN,692,1429,1.0
2016-12-06,38.236000061035156,38.4119987487793,37.86249923706055,38.199501037597656,75894000,0.0070586169129704945,AMZN,691,1428,1.0
2016-12-07,38.520999908447266,38.520999908447266,37.79100036621094,38.227500915527344,73698000,0.007453704544334361,AMZN,690,1427,1.0
2016-12-08,38.36650085449219,38.68949890136719,38.259498596191406,38.59349822998047,63792000,-0.004010774754608537,AMZN,689,1426,1.0
2016-12-09,38.43299865722656,38.51250076293945,38.266998291015625,38.5,49418000,0.0017332256331263896,AMZN,688,1425,1.0
2016-12-12,38.00600051879883,38.34450149536133,37.86000061035156,38.31999969482422,59278000,-0.011110195752249585,AMZN,685,1422,1.0
2016-12-13,38.71699905395508,39.12300109863281,38.099998474121094,38.24800109863281,105706000,0.018707533690754286,AMZN,684,1421,1.0
2016-12-14,38.441001892089844,39.042999267578125,38.140499114990234,38.912498474121094,109096000,-0.007128578366329741,AMZN,683,1420,1.0
2016-12-15,38.04999923706055,38.45500183105469,38.015499114990234,38.31399917602539,76038000,-0.010171500111441079,AMZN,682,1419,1.0
2016-12-16,37.88850021362305,38.256500244140625,37.70000076293945,38.25,96964000,-0.004244389662962256,AMZN,681,1418,1.0
2016-12-19,38.29999923706055,38.525001525878906,37.80799865722656,37.94449996948242,62264000,0.010860789451083708,AMZN,678,1415,1.0
2016-12-20,38.56100082397461,38.71950149536133,38.385501861572266,38.432498931884766,54072000,0.006814662979457875,AMZN,677,1414,1.0
2016-12-21,38.529998779296875,38.56100082397461,38.28499984741211,38.5,40892000,-0.0008039740674588014,AMZN,676,1413,1.0
2016-12-22,38.31700134277344,38.56050109863281,38.1510009765625,38.40599822998047,50872000,-0.005528093518598509,AMZN,675,1412,1.0
2016-12-23,38.02949905395508,38.32500076293945,37.89950180053711,38.227500915527344,39632000,-0.007503256485194232,AMZN,674,1411,1.0
2016-12-27,38.56999969482422,38.73249816894531,38.060001373291016,38.16999816894531,52774000,0.014212667910831422,AMZN,670,1407,1.0
2016-12-28,38.60649871826172,39.0,38.525001525878906,38.8125,66020000,0.0009463060338679163,AMZN,669,1406,1.0
2016-12-29,38.25749969482422,38.66999816894531,38.04249954223633,38.619998931884766,63166000,-0.009039903514286185,AMZN,668,1405,1.0
2016-12-30,37.493499755859375,38.369998931884766,37.41400146484375,38.32350158691406,82788000,-0.019969939098456124,AMZN,667,1404,1.0
2017-01-03,37.68349838256836,37.9379997253418,37.3849983215332,37.895999908447266,70422000,0.005067508446695346,AMZN,663,1400,1.0
2017-01-04,37.85900115966797,37.98400115966797,37.709999084472656,37.919498443603516,50210000,0.004657284610836365,AMZN,662,1399,1.0
2017-01-05,39.022499084472656,39.119998931884766,38.01300048828125,38.07749938964844,116602000,0.03073239887913859,AMZN,661,1398,1.0
2017-01-06,39.79949951171875,39.97200012207031,38.92399978637695,39.11800003051758,119724000,0.01991160088348276,AMZN,660,1397,1.0
2017-01-09,39.84600067138672,40.0885009765625,39.5885009765625,39.900001525878906,68922000,0.0011683855384734265,AMZN,657,1394,1.0
2017-01-10,39.79499816894531,39.900001525878906,39.47700119018555,39.83000183105469,51168000,-0.001279990502987438,AMZN,656,1393,1.0
2017-01-11,39.95100021362305,39.974998474121094,39.47549819946289,39.68299865722656,59856000,0.003920142024267603,AMZN,655,1392,1.0
2017-01-12,40.68199920654297,40.70650100708008,39.974998474121094,40.015499114990234,97478000,0.01829738902683742,AMZN,654,1391,1.0
2017-01-13,40.856998443603516,41.08250045776367,40.56999969482422,40.715999603271484,75838000,0.004301638082535586,AMZN,653,1390,1.0
2017-01-17,40.486000061035156,40.79999923706055,40.172000885009766,40.78499984741211,73410000,-0.009080412088530276,AMZN,649,1386,1.0
2017-01-18,40.374000549316406,40.58649826049805,40.2135009765625,40.474998474121094,47084000,-0.002766376316502117,AMZN,648,1385,1.0
2017-01-19,40.45199966430664,40.675498962402344,40.36600112915039,40.5,50816000,0.001931914448134897,AMZN,647,1384,1.0
2017-01-20,40.416500091552734,40.80099868774414,40.3129997253418,40.763999938964844,67524000,-0.0008775727540912825,AMZN,646,1383,1.0
2017-01-23,40.89400100708008,40.92499923706055,40.25400161743164,40.34000015258789,55950000,0.011814504334756615,AMZN,643,1380,1.0
2017-01-24,41.12200164794922,41.199501037597656,40.724998474121094,41.099998474121094,59434000,0.005575405566935476,AMZN,642,1379,1.0
2017-01-25,41.82600021362305,41.87099838256836,41.26449966430664,41.28950119018555,78452000,0.017119754327643122,AMZN,641,1378,1.0
2017-01-26,41.95750045776367,42.19200134277344,41.650001525878906,41.7765007019043,71726000,0.0031439832513029398,AMZN,640,1377,1.0
2017-01-27,41.78850173950195,41.98500061035156,41.47200012207031,41.95000076293945,59974000,-0.004027854767751027,AMZN,639,1376,1.0
2017-01-30,41.51900100708008,41.67499923706055,40.819000244140625,41.650001525878906,74946000,-0.0064491599651470555,AMZN,636,1373,1.0
2017-01-31,41.17399978637695,41.3494987487793,40.97800064086914,41.1875,62744000,-0.008309477885662386,AMZN,635,1372,1.0
2017-02-01,41.61750030517578,41.68899917602539,41.24700164794922,41.46049880981445,77004000,0.010771373223389613,AMZN,634,1371,1.0
2017-02-02,41.997501373291016,42.1245002746582,41.41299819946289,41.829498291015625,147010000,0.009130799911785559,AMZN,633,1370,1.0
2017-02-03,40.5099983215332,40.915000915527344,40.20000076293945,40.33599853515625,217376000,-0.03541884643413129,AMZN,632,1369,1.0
2017-02-06,40.38199996948242,40.5359992980957,40.150001525878906,40.4900016784668,77946000,-0.003159673101806648,AMZN,629,1366,1.0
2017-02-07,40.625,40.80799865722656,40.375,40.46549987792969,69322000,0.006017533324283564,AMZN,628,1365,1.0
2017-02-08,40.98550033569336,41.07400131225586,40.625,40.634498596191406,57160000,0.008873854417067228,AMZN,627,1364,1.0
2017-02-09,41.06800079345703,41.25,40.98550033569336,41.08000183105469,49698000,0.0020129181561270304,AMZN,626,1363,1.0
2017-02-10,41.37300109863281,41.400001525878906,41.14250183105469,41.191001892089844,48592000,0.007426714212598773,AMZN,625,1362,1.0
2017-02-13,41.826499938964844,42.150001525878906,41.4275016784668,41.58100128173828,83452000,0.010961226604057517,AMZN,622,1359,1.0
2017-02-14,41.81949996948242,41.91550064086914,41.5724983215332,41.849998474121094,55848000,-0.00016735728527694782,AMZN,621,1358,1.0
2017-02-15,42.1349983215332,42.140499114990234,41.64099884033203,41.70000076293945,59378000,0.007544288006336997,AMZN,620,1357,1.0
2017-02-16,42.207000732421875,42.25,41.96900177001953,42.09199905395508,54294000,0.0017088504510958114,AMZN,619,1356,1.0
2017-02-17,42.253501892089844,42.36349868774414,42.0364990234375,42.099998474121094,62246000,0.001101740442605026,AMZN,618,1355,1.0
2017-02-21,42.821998596191406,42.89899826049805,42.36249923706055,42.44200134277344,70154000,0.013454428121802309,AMZN,614,1351,1.0
2017-02-22,42.78049850463867,42.92150115966797,42.60900115966797,42.84749984741211,52340000,-0.0009691301880624392,AMZN,613,1350,1.0
2017-02-23,42.609500885009766,43.042999267578125,42.400001525878906,42.878501892089844,69240000,-0.003997092731641838,AMZN,612,1349,1.0
2017-02-24,42.262001037597656,42.29050064086914,41.88750076293945,42.234500885009766,73760000,-0.008155454539350404,AMZN,611,1348,1.0
2017-02-27,42.43199920654297,42.625,41.98350143432617,42.11899948120117,54272000,0.004022482721395049,AMZN,608,1345,1.0
2017-02-28,42.25199890136719,42.704498291015625,42.102500915527344,42.5724983215332,55874000,-0.004242088719402681,AMZN,607,1344,1.0
2017-03-01,42.65399932861328,42.74150085449219,42.45050048828125,42.65250015258789,55202000,0.009514352875576781,AMZN,606,1343,1.0
2017-03-02,42.445499420166016,42.74100112915039,42.36399841308594,42.65399932861328,42642000,-0.00488816785598345,AMZN,605,1342,1.0
2017-03-03,42.49399948120117,42.5994987487793,42.313499450683594,42.36000061035156,38822000,0.001142643194159465,AMZN,604,1341,1.0
2017-03-06,42.330501556396484,42.42449951171875,42.055999755859375,42.26150131225586,52208000,-0.003847553226356548,AMZN,601,1338,1.0
2017-03-07,42.30099868774414,42.42300033569336,42.1875,42.27399826049805,44952000,-0.0006969647787669064,AMZN,600,1337,1.0
2017-03-08,42.525001525878906,42.653499603271484,42.339500427246094,42.400001525878906,45730000,0.005295450345943475,AMZN,599,1336,1.0
2017-03-09,42.650001525878906,42.81999969482422,42.515499114990234,42.54999923706055,40964000,0.002939447278418772,AMZN,598,1335,1.0
2017-03-10,42.62300109863281,42.86750030517578,42.58599853515625,42.849998474121094,48728000,-0.0006330697838242694,AMZN,597,1334,1.0
2017-03-13,42.72949981689453,42.78450012207031,42.58549880981445,42.5885009765625,38194000,0.002498620827174447,AMZN,594,1331,1.0
2017-03-14,42.62649917602539,42.6875,42.377498626708984,42.6775016784668,42612000,-0.002410527652102701,AMZN,593,1330,1.0
2017-03-15,42.64849853515625,42.72249984741211,42.355499267578125,42.71649932861328,51244000,0.0005160958454508702,AMZN,592,1329,1.0
2017-03-16,42.67100143432617,42.775001525878906,42.5255012512207,42.76499938964844,36846000,0.0005276363750852386,AMZN,591,1328,1.0
2017-03-17,42.615501403808594,42.69150161743164,42.53200149536133,42.67449951171875,67688000,-0.001300649824284017,AMZN,590,1327,1.0
2017-03-20,42.8484992980957,42.88999938964844,42.550498962402344,42.57550048828125,45654000,0.005467444629579932,AMZN,587,1324,1.0
2017-03-21,42.15999984741211,43.13999938964844,42.06549835205078,42.94200134277344,87658000,-0.01606822787173301,AMZN,586,1323,1.0
2017-03-22,42.40299987792969,42.46849822998047,41.95249938964844,42.02149963378906,53174000,0.00576375786046146,AMZN,585,1322,1.0
2017-03-23,42.36899948120117,42.544498443603516,42.2400016784668,42.40999984741211,39060000,-0.0008018394176448895,AMZN,584,1321,1.0
2017-03-24,42.28049850463867,42.59000015258789,42.17649841308594,42.58399963378906,42766000,-0.002088814407849471,AMZN,583,1320,1.0
2017-03-27,42.340999603271484,42.51499938964844,41.67499923706055,41.903499603271484,55116000,0.0014309457261052483,AMZN,580,1317,1.0
2017-03-28,42.79999923706055,42.92300033569336,42.505001068115234,42.587501525878906,60832000,0.010840547887150054,AMZN,579,1316,1.0
2017-03-29,43.715999603271484,43.821998596191406,42.95100021362305,42.95249938964844,89716000,0.021401878096712013,AMZN,578,1315,1.0
2017-03-30,43.81700134277344,43.85300064086914,43.58300018310547,43.747501373291016,55254000,0.002310406725650971,AMZN,577,1314,1.0
2017-03-31,44.32699966430664,44.51750183105469,43.83250045776367,43.849998474121094,79152000,0.011639279409916048,AMZN,576,1313,1.0
2017-04-03,44.57550048828125,44.67449951171875,44.270999908447266,44.400001525878906,68446000,0.005606082655188249,AMZN,573,1310,1.0
2017-04-04,45.34149932861328,45.426998138427734,44.513999938964844,44.57500076293945,99694000,0.017184301509601818,AMZN,572,1309,1.0
2017-04-05,45.4640007019043,46.18600082397461,45.28099822998047,45.54100036621094,150168000,0.0027017495033232475,AMZN,571,1308,1.0
2017-04-06,44.91400146484375,45.859500885009766,44.7244987487793,45.689998626708984,126882000,-0.012097466755439101,AMZN,570,1307,1.0
2017-04-07,44.74399948120117,45.00450134277344,44.46549987792969,44.98249816894531,74218000,-0.003785055396937742,AMZN,569,1306,1.0
2017-04-10,45.35200119018555,45.425498962402344,44.95000076293945,44.98149871826172,63686000,0.013588452441311683,AMZN,566,1303,1.0
2017-04-11,45.11800003051758,45.5620002746582,44.875,45.35200119018555,60254000,-0.005159665583149842,AMZN,565,1302,1.0
2017-04-12,44.811500549316406,45.204498291015625,44.76250076293945,45.15449905395508,49122000,-0.006793286071941518,AMZN,564,1301,1.0
2017-04-13,44.23350143432617,44.74850082397461,44.2244987487793,44.5724983215332,63492000,-0.012898454814163851,AMZN,563,1300,1.0
2017-04-17,45.0994987487793,45.11899948120117,44.375,44.375,57094000,0.01957786036312048,AMZN,559,1296,1.0
2017-04-18,45.18899917602539,45.480499267578125,45.03900146484375,45.04949951171875,59984000,0.0019845104652858048,AMZN,558,1295,1.0
2017-04-19,44.959999084472656,45.525001525878906,44.868499755859375,45.391998291015625,57404000,-0.005067607066505442,AMZN,557,1294,1.0
2017-04-20,45.10300064086914,45.26599884033203,44.81449890136719,44.98500061035156,56288000,0.0031806396643336843,AMZN,556,1293,1.0
2017-04-21,44.92649841308594,45.182498931884766,44.8385009765625,45.13349914550781,48410000,-0.003913314530636147,AMZN,555,1292,1.0
2017-04-24,45.37049865722656,45.4995002746582,45.191001892089844,45.433998107910156,62458000,0.009882814370667736,AMZN,552,1289,1.0
2017-04-25,45.38100051879883,45.4739990234375,45.150001525878906,45.35200119018555,67612000,0.00023146894751158165,AMZN,551,1288,1.0
2017-04-26,45.464500427246094,45.787498474121094,45.37799835205078,45.51499938964844,52178000,0.0018399750444610952,AMZN,550,1287,1.0
2017-04-27,45.91899871826172,46.09299850463867,45.605499267578125,45.71950149536133,106110000,0.00999677301508961,AMZN,549,1286,1.0
2017-04-28,46.2495002746582,47.47949981689453,46.21649932861328,47.44150161743164,147294000,0.007197490485894464,AMZN,548,1285,1.0
2017-05-01,47.4114990234375,47.720001220703125,46.38999938964844,46.38999938964844,109330000,0.025124568738659425,AMZN,545,1282,1.0
2017-05-02,47.34700012207031,47.505001068115234,47.070499420166016,47.33250045776367,76976000,-0.0013604062874136291,AMZN,544,1281,1.0
2017-05-03,47.05149841308594,47.29999923706055,46.79499816894531,47.29999923706055,71654000,-0.006241191801434343,AMZN,543,1280,1.0
2017-05-04,46.87649917602539,47.25,46.71099853515625,47.23749923706055,48368000,-0.0037193127310027885,AMZN,542,1279,1.0
2017-05-05,46.70750045776367,47.03950119018555,46.51499938964844,47.0260009765625,57328000,-0.003605190686853832,AMZN,541,1278,1.0
2017-05-08,47.45199966430664,47.45249938964844,46.96049880981445,47.04750061035156,68314000,0.015939607113341525,AMZN,538,1275,1.0
2017-05-09,47.64099884033203,47.894500732421875,47.5099983215332,47.63999938964844,65242000,0.003982954930507487,AMZN,537,1274,1.0
2017-05-10,47.4474983215332,47.6875,47.25,47.67499923706055,41930000,-0.004061638578303994,AMZN,536,1273,1.0
2017-05-11,47.38100051879883,47.51449966430664,47.03900146484375,47.25550079345703,43882000,-0.00140150282073348,AMZN,535,1272,1.0
2017-05-12,48.067501068115234,48.13949966430664,47.576499938964844,47.724998474121094,72518000,0.014488941596833227,AMZN,534,1271,1.0
2017-05-15,47.89849853515625,48.157501220703125,47.803001403808594,47.936500549316406,85412000,-0.0035159417320134168,AMZN,531,1268,1.0
2017-05-16,48.30350112915039,48.50299835205078,48.045501708984375,48.04999923706055,62522000,0.008455434019437602,AMZN,530,1267,1.0
2017-05-17,47.237998962402344,48.02000045776367,47.20600128173828,47.73500061035156,102912000,-0.0220584873112859,AMZN,529,1266,1.0
2017-05-18,47.92449951171875,48.13750076293945,47.237998962402344,47.2400016784668,78786000,0.014532803344671885,AMZN,528,1265,1.0
2017-05-19,47.992000579833984,48.44599914550781,47.986000061035156,48.141998291015625,79442000,0.0014084877005076102,AMZN,527,1264,1.0
2017-05-22,48.53350067138672,48.569000244140625,48.14500045776367,48.20000076293945,52844000,0.01128313229309863,AMZN,524,1261,1.0
2017-05-23,48.57699966430664,48.7599983215332,48.342498779296875,48.750999450683594,48312000,0.0008962673682750832,AMZN,523,1260,1.0
2017-05-24,49.01750183105469,49.04999923706055,48.51150131225586,48.79999923706055,48920000,0.009068122152297464,AMZN,522,1259,1.0
2017-05-25,49.66899871826172,49.95000076293945,49.105499267578125,49.24250030517578,96440000,0.013291107520177148,AMZN,521,1258,1.0
2017-05-26,49.78900146484375,49.932498931884766,49.462501525878906,49.75,69384000,0.002416049239541307,AMZN,520,1257,1.0
2017-05-30,49.834999084472656,50.060001373291016,49.7760009765625,49.82550048828125,65262000,0.0009238510168030345,AMZN,516,1253,1.0
2017-05-31,49.73099899291992,50.00600051879883,49.108001708984375,50.0,78262000,-0.0020868886016521815,AMZN,515,1252,1.0
2017-06-01,49.79750061035156,49.949501037597656,49.56850051879883,49.929500579833984,49096000,0.0013372266549704914,AMZN,514,1251,1.0
2017-06-02,50.33649826049805,50.42399978637695,49.78350067138672,49.949501037597656,75046000,0.010823789217132784,AMZN,513,1250,1.0
2017-06-05,50.56700134277344,50.660499572753906,50.175498962402344,50.36149978637695,54398000,0.004579243496091179,AMZN,510,1247,1.0
2017-06-06,50.150001525878906,50.82500076293945,50.0625,50.599998474121094,66928000,-0.00824648102164205,AMZN,509,1246,1.0
2017-06-07,50.503501892089844,50.51250076293945,50.099998474121094,50.29750061035156,56460000,0.007048860527522072,AMZN,508,1245,1.0
2017-06-08,50.51350021362305,50.68050003051758,50.30550003051758,50.60300064086914,55358000,0.00019797283670675014,AMZN,507,1244,1.0
2017-06-09,48.91550064086914,50.64950180053711,46.349998474121094,50.625,152954000,-0.031635098854680854,AMZN,506,1243,1.0
2017-06-12,48.24549865722656,48.79750061035156,47.25,48.349998474121094,188944000,-0.013697130252466216,AMZN,503,1240,1.0
2017-06-13,49.03950119018555,49.224998474121094,48.30500030517578,48.89950180053711,91600000,0.016457546404488266,AMZN,502,1239,1.0
2017-06-14,48.82350158691406,49.516998291015625,48.33549880981445,49.429500579833984,79498000,-0.004404604411325286,AMZN,501,1238,1.0
2017-06-15,48.208499908447266,48.2864990234375,47.542999267578125,47.935001373291016,107478000,-0.012596427099190954,AMZN,500,1237,1.0
2017-06-16,49.385501861572266,49.98749923706055,49.099998474121094,49.79999923706055,229454000,0.024414822186134,AMZN,499,1236,1.0
2017-06-19,49.75849914550781,50.849998474121094,49.494998931884766,50.849998474121094,100868000,0.007552768927631126,AMZN,496,1233,1.0
2017-06-20,49.62950134277344,50.24399948120117,49.60100173950195,49.900001525878906,81536000,-0.0025924777666052057,AMZN,495,1232,1.0
2017-06-21,50.11149978637695,50.13600158691406,49.63249969482422,49.935001373291016,58450000,0.009711934042506698,AMZN,494,1231,1.0
2017-06-22,50.064998626708984,50.347999572753906,49.86000061035156,50.11149978637695,45068000,-0.0009279538602157134,AMZN,493,1230,1.0
2017-06-23,50.1870002746582,50.23099899291992,49.9010009765625,50.12699890136719,57582000,0.002436865101283159,AMZN,492,1229,1.0
2017-06-26,49.69900131225586,50.4900016784668,49.599998474121094,50.42499923706055,67724000,-0.009723612882453048,AMZN,489,1226,1.0
2017-06-27,48.8390007019043,49.939998626708984,48.79999923706055,49.53450012207031,75648000,-0.017304182934144485,AMZN,488,1225,1.0
2017-06-28,49.51649856567383,49.534000396728516,48.46049880981445,48.9275016784668,74752000,0.013872066463946231,AMZN,487,1224,1.0
2017-06-29,48.79650115966797,49.37799835205078,48.26250076293945,48.95000076293945,86060000,-0.014540555710960135,AMZN,486,1223,1.0
2017-06-30,48.400001525878906,49.173500061035156,48.38050079345703,49.00600051879883,67806000,-0.008125575079485081,AMZN,485,1222,1.0
2017-07-03,47.68299865722656,48.7244987487793,47.54999923706055,48.63949966430664,58182000,-0.014814108389417546,AMZN,482,1219,1.0
2017-07-05,48.56999969482422,48.75,47.76250076293945,48.076499938964844,73060000,0.018602039774678225,AMZN,480,1217,1.0
2017-07-06,48.25699996948242,48.720001220703125,47.95100021362305,48.233001708984375,65192000,-0.006444301571102318,AMZN,479,1216,1.0
2017-07-07,48.9379997253418,49.00550079345703,48.457000732421875,48.477500915527344,52868000,0.014111937258636909,AMZN,478,1215,1.0
2017-07-10,49.82350158691406,49.97200012207031,49.17499923706055,49.25,70926000,0.01809436157060018,AMZN,475,1212,1.0
2017-07-11,49.70650100708008,49.79949951171875,49.18600082397461,49.650001525878906,59654000,-0.0023483010247660197,AMZN,474,1211,1.0
2017-07-12,50.32550048828125,50.4275016784668,49.904998779296875,50.032501220703125,72172000,0.012453089005661555,AMZN,473,1210,1.0
2017-07-13,50.03150177001953,50.34400177001953,49.79499816894531,50.23099899291992,57616000,-0.0058419432575773644,AMZN,472,1209,1.0
2017-07-14,50.09049987792969,50.22249984741211,49.84450149536133,50.119998931884766,42050000,0.001179219208357063,AMZN,471,1208,1.0
2017-07-17,50.50199890136719,50.73749923706055,50.19049835205078,50.234500885009766,74252000,0.00821511113764739,AMZN,468,1205,1.0
2017-07-18,51.22249984741211,51.30149841308594,50.20000076293945,50.29999923706055,80152000,0.014266780755591402,AMZN,467,1204,1.0
2017-07-19,51.34349822998047,51.579498291015625,51.125,51.25,59280000,0.0023622115853150216,AMZN,466,1203,1.0
2017-07-20,51.435001373291016,51.74850082397461,51.125999450683594,51.579498291015625,61950000,0.0017821758638392193,AMZN,465,1202,1.0
2017-07-21,51.28350067138672,51.30500030517578,50.54999923706055,51.06399917602539,54692000,-0.002945478717979899,AMZN,464,1201,1.0
2017-07-24,51.9474983215332,52.1505012512207,51.371498107910156,51.41699981689453,65760000,0.012947588238978236,AMZN,461,1198,1.0
2017-07-25,51.993499755859375,52.166500091552734,51.624000549316406,51.90250015258789,48952000,0.0008855370482221403,AMZN,460,1197,1.0
2017-07-26,52.63999938964844,52.65999984741211,52.15999984741211,52.15999984741211,58426000,0.012434239603503539,AMZN,459,1196,1.0
2017-07-27,52.29999923706055,54.16550064086914,52.00899887084961,53.477500915527344,219834000,-0.006458969538946313,AMZN,458,1195,1.0
2017-07-28,51.00199890136719,51.64250183105469,50.04999923706055,50.606998443603516,154188000,-0.02481836242119062,AMZN,457,1194,1.0
2017-07-31,49.388999938964844,50.95249938964844,49.35100173950195,50.95249938964844,147042000,-0.03162619107383857,AMZN,454,1191,1.0
2017-08-01,49.80950164794922,50.31999969482422,49.57899856567383,49.80550003051758,91452000,0.008514076201260101,AMZN,453,1190,1.0
2017-08-02,49.794498443603516,50.160499572753906,49.08649826049805,50.0885009765625,81400000,-0.0003012116935388054,AMZN,452,1189,1.0
2017-08-03,49.34600067138672,49.974998474121094,49.22949981689453,49.9734992980957,65116000,-0.009006974389444977,AMZN,451,1188,1.0
2017-08-04,49.37900161743164,49.583499908447266,49.099998474121094,49.48400115966797,54606000,0.0006687663761180129,AMZN,450,1187,1.0
2017-08-07,49.61349868774414,49.75,49.356998443603516,49.532501220703125,53532000,0.0047489228747330525,AMZN,447,1184,1.0
2017-08-08,49.492000579833984,49.81399917602539,49.28950119018555,49.717498779296875,58056000,-0.00244889215886257,AMZN,446,1183,1.0
2017-08-09,49.10049819946289,49.400001525878906,48.76350021362305,49.130001068115234,71394000,-0.00791041735602449,AMZN,445,1182,1.0
2017-08-10,47.84600067138672,48.99300003051758,47.73400115966797,48.814998626708984,113682000,-0.02554958858013978,AMZN,444,1181,1.0
2017-08-11,48.39950180053711,48.519500732421875,47.569000244140625,48.0,69360000,0.011568388608943936,AMZN,443,1180,1.0
2017-08-14,49.165000915527344,49.275001525878906,48.80950164794922,48.920501708984375,63458000,0.015816260219888134,AMZN,440,1177,1.0
2017-08-15,49.137001037597656,49.58700180053711,49.099998474121094,49.44499969482422,50986000,-0.0005695083374003262,AMZN,439,1176,1.0
2017-08-16,48.909000396728516,49.323001861572266,48.6609992980957,49.08250045776367,62642000,-0.004640100861969199,AMZN,438,1175,1.0
2017-08-17,48.028499603271484,48.891998291015625,48.01599884033203,48.891998291015625,70248000,-0.018002837643680936,AMZN,437,1174,1.0
2017-08-18,47.923500061035156,48.27149963378906,47.73249816894531,48.06999969482422,65696000,-0.0021861924295710766,AMZN,436,1173,1.0
2017-08-21,47.66450119018555,48.060001373291016,47.27299880981445,47.878501892089844,63290000,-0.005404423101813327,AMZN,433,1170,1.0
2017-08-22,48.345001220703125,48.39649963378906,47.775001525878906,47.7760009765625,55000000,0.014276873008747692,AMZN,432,1169,1.0
2017-08-23,47.900001525878906,48.099998474121094,47.709999084472656,47.96900177001953,53366000,-0.009204668188810716,AMZN,431,1168,1.0
2017-08-24,47.622501373291016,47.95000076293945,47.05699920654297,47.87099838256836,103914000,-0.005793322416450586,AMZN,430,1167,1.0
2017-08-25,47.26300048828125,47.88100051879883,47.20500183105469,47.79999923706055,66496000,-0.0075489710670970656,AMZN,429,1166,1.0
2017-08-28,47.30099868774414,47.650001525878906,47.11249923706055,47.32699966430664,51934000,0.0008039734902636209,AMZN,426,1163,1.0
2017-08-29,47.702999114990234,47.79999923706055,46.81650161743164,47.0,57486000,0.00849877250795239,AMZN,425,1162,1.0
2017-08-30,48.37950134277344,48.47050094604492,47.84550094604492,47.922000885009766,58092000,0.014181544983208783,AMZN,424,1161,1.0
2017-08-31,49.029998779296875,49.04999923706055,48.63800048828125,48.73500061035156,66630000,0.013445724293737582,AMZN,423,1160,1.0
2017-09-01,48.912498474121094,49.224998474121094,48.84400177001953,49.209999084472656,50718000,-0.002396498227640098,AMZN,422,1159,1.0
2017-09-05,48.26350021362305,48.8385009765625,48.01850128173828,48.77000045776367,57664000,-0.013268556723623925,AMZN,418,1155,1.0
2017-09-06,48.38999938964844,48.59199905395508,48.029998779296875,48.41600036621094,42598000,0.0026210112293032495,AMZN,417,1154,1.0
2017-09-07,48.9734992980957,49.02949905395508,48.627498626708984,48.70000076293945,51336000,0.0120582747635265,AMZN,416,1153,1.0
2017-09-08,48.29499816894531,48.99399948120117,48.173500061035156,48.95500183105469,52106000,-0.013854454733169819,AMZN,415,1152,1.0
2017-09-11,48.89799880981445,49.09700012207031,48.71099853515625,48.722999572753906,43734000,0.012485778315173057,AMZN,412,1149,1.0
2017-09-12,49.12900161743164,49.23350143432617,48.7760009765625,49.16350173950195,49622000,0.004724177128713647,AMZN,411,1148,1.0
2017-09-13,49.97999954223633,50.0,48.97100067138672,49.19850158691406,67494000,0.017321701984327253,AMZN,410,1147,1.0
2017-09-14,49.61050033569336,49.928001403808594,49.387001037597656,49.84000015258789,78266000,-0.007392941375093831,AMZN,409,1146,1.0
2017-09-15,49.339500427246094,49.8125,49.201499938964844,49.6505012512207,75204000,-0.005462551407736771,AMZN,408,1145,1.0
2017-09-18,48.70949935913086,49.63949966430664,48.40850067138672,49.52000045776367,68226000,-0.012768695723707313,AMZN,405,1142,1.0
2017-09-19,48.49300003051758,48.9119987487793,48.37300109863281,48.86249923706055,53422000,-0.004444704451118442,AMZN,404,1141,1.0
2017-09-20,48.660499572753906,48.740501403808594,48.108001708984375,48.589500427246094,57776000,0.0034540973363355043,AMZN,403,1140,1.0
2017-09-21,48.23249816894531,48.584999084472656,48.10100173950195,48.56549835205078,46752000,-0.008795663989611846,AMZN,402,1139,1.0
2017-09-22,47.755001068115234,48.28049850463867,47.72100067138672,48.050498962402344,52836000,-0.009899903985017278,AMZN,401,1138,1.0
2017-09-25,46.989498138427734,47.47100067138672,46.644500732421875,47.46549987792969,102480000,-0.01602979609602828,AMZN,398,1135,1.0
2017-09-26,46.93000030517578,47.43149948120117,46.587501525878906,47.27450180053711,71296000,-0.0012661942691253314,AMZN,397,1134,1.0
2017-09-27,47.54349899291992,47.76499938964844,47.165000915527344,47.400001525878906,62978000,0.013072633363619968,AMZN,396,1133,1.0
2017-09-28,47.81999969482422,47.98500061035156,47.505001068115234,47.59299850463867,50452000,0.005815741536933761,AMZN,395,1132,1.0
2017-09-29,48.067501068115234,48.24150085449219,47.91899871826172,48.00550079345703,50876000,0.005175687471152379,AMZN,394,1131,1.0
2017-10-02,47.95949935913086,48.365501403808594,47.60599899291992,48.20000076293945,48858000,-0.0022468758846300174,AMZN,391,1128,1.0
2017-10-03,47.85499954223633,48.18450164794922,47.51850128173828,47.900001525878906,53332000,-0.002178918009798525,AMZN,390,1127,1.0
2017-10-04,48.272499084472656,48.38949966430664,47.70249938964844,47.71049880981445,50548000,0.008724261753839224,AMZN,389,1126,1.0
2017-10-05,49.04249954223633,49.07550048828125,48.481998443603516,48.5,64584000,0.015951120666370278,AMZN,388,1125,1.0
2017-10-06,49.479000091552734,49.787498474121094,48.78200149536133,48.78200149536133,75642000,0.00890045477678969,AMZN,387,1124,1.0
2017-10-09,49.54949951171875,49.92499923706055,49.375,49.6619987487793,58772000,0.0014248351833214823,AMZN,384,1121,1.0
2017-10-10,49.36000061035156,49.897499084472656,49.005001068115234,49.833499908447266,61698000,-0.003824436235170703,AMZN,383,1120,1.0
2017-10-11,49.75,49.775001525878906,49.334999084472656,49.563499450683594,46742000,0.007901122058873167,AMZN,382,1119,1.0
2017-10-12,50.04650115966797,50.422000885009766,49.619998931884766,49.84049987792969,81346000,0.005959822304883788,AMZN,381,1118,1.0
2017-10-13,50.14699935913086,50.38850021362305,50.05149841308594,50.349998474121094,48630000,0.0020080964130191337,AMZN,380,1117,1.0
2017-10-16,50.31700134277344,50.47850036621094,50.051998138427734,50.422000885009766,40178000,0.0033900729019715747,AMZN,377,1114,1.0
2017-10-17,50.45650100708008,50.57350158691406,50.21900177001953,50.27949905395508,46394000,0.0027724160936446474,AMZN,376,1113,1.0
2017-10-18,49.849998474121094,51.115501403808594,49.82749938964844,50.4635009765625,49994000,-0.012020305032128142,AMZN,375,1112,1.0
2017-10-19,49.330501556396484,49.5525016784668,49.012001037597656,49.5,62164000,-0.010421202279360164,AMZN,374,1111,1.0
2017-10-20,49.14550018310547,49.73099899291992,49.099998474121094,49.67649841308594,47302000,-0.0037502431042488737,AMZN,373,1110,1.0
2017-10-23,48.314998626708984,49.3390007019043,48.125,49.33649826049805,69882000,-0.016898832106748696,AMZN,370,1107,1.0
2017-10-24,48.79499816894531,48.99250030517578,48.25,48.45000076293945,54478000,0.009934793664073016,AMZN,369,1106,1.0
2017-10-25,48.64550018310547,49.22200012207031,48.3120002746582,48.900001525878906,60662000,-0.0030637973450112765,AMZN,368,1105,1.0
2017-10-26,48.621498107910156,49.14500045776367,48.4275016784668,49.01649856567383,112374000,-0.000493407922726008,AMZN,367,1104,1.0
2017-10-27,55.04750061035156,55.27899932861328,52.52750015258789,52.90700149536133,331300000,0.13216381132847022,AMZN,366,1103,1.0
2017-10-30,55.54249954223633,56.13949966430664,54.678001403808594,54.7504997253418,132262000,0.008992214476522209,AMZN,363,1100,1.0
2017-10-31,55.263999938964844,55.527000427246094,55.055999755859375,55.45000076293945,69540000,-0.005014171230441344,AMZN,362,1099,1.0
2017-11-01,55.183998107910156,55.44850158691406,54.83700180053711,55.27000045776367,75110000,-0.0014476301234627176,AMZN,361,1098,1.0
