Date,Close,High,Low,Open,Volume,Retorno_Diario,Ticker,Alvo
2015-01-02,7.297903060913086,7.551095904483636,7.261732876531809,7.393648245160203,20142053,,BBDC4.SA,1.0
2015-01-05,7.312949180603027,7.402364790780918,7.091537618412018,7.176695712352401,19878785,0.0020617045148938473,BBDC4.SA,1.0
2015-01-06,7.553521156311035,7.553521156311036,7.268242148537348,7.325723287419417,26416610,0.03289671099398639,BBDC4.SA,1.0
2015-01-07,7.853707790374756,7.94099470201307,7.58333046333361,7.651457502933208,27833207,0.039741284607763605,BBDC4.SA,1.0
2015-01-08,7.894157886505127,7.9644136860204044,7.728099618649111,7.87712677395482,15119805,0.005150445777973189,BBDC4.SA,1.0
2015-01-09,7.551392555236816,7.862219778215797,7.510942518772156,7.817511706874305,16378492,-0.04342012614851032,BBDC4.SA,1.0
2015-01-12,7.417274475097656,7.585461541640196,7.3661795717278045,7.49391657117919,16489207,-0.017760708261173708,BBDC4.SA,1.0
2015-01-13,7.4406843185424805,7.649321743804315,7.4406843185424805,7.472619310683748,21003287,0.0031561247360361033,BBDC4.SA,1.0
2015-01-14,7.519458770751953,7.632292813126682,7.312950548547311,7.344884516032193,19433117,0.010586990233299343,BBDC4.SA,1.0
2015-01-15,7.442816734313965,7.730225051543285,7.442816734313966,7.534361644094131,25751297,-0.010192493738525266,BBDC4.SA,1.0
2015-01-16,7.515204906463623,7.538623334931031,7.387467411795653,7.483270403310031,33012089,0.00972591086596597,BBDC4.SA,1.0
2015-01-19,7.3576579093933105,7.589713817424911,7.302305009948101,7.472621743151693,16290226,-0.020963765995896,BBDC4.SA,1.0
2015-01-20,7.334242343902588,7.504558625328209,7.310823919949853,7.49391379299582,13588666,-0.0031824754261582378,BBDC4.SA,1.0
2015-01-21,7.5130743980407715,7.5662980396288235,7.302307554998866,7.444947370247572,21723447,0.024383166761166253,BBDC4.SA,1.0
2015-01-22,7.596106052398682,7.738745920116915,7.5407531133001235,7.600364090316987,22345393,0.0110516214746339,BBDC4.SA,1.0
2015-01-23,7.530108451843262,7.738746099313752,7.404500214943222,7.600364266309483,15717515,-0.008688346384339796,BBDC4.SA,1.0
2015-01-26,7.6514573097229,7.657844106223319,7.4194012864580365,7.4194012864580365,17672383,0.01611515407190911,BBDC4.SA,1.0
2015-01-27,7.664229869842529,7.719582789314912,7.451334782716395,7.540750439618377,24000768,0.0016692977040333457,BBDC4.SA,1.0
2015-01-28,7.50455904006958,7.760033476326871,7.4832693742282235,7.5684275196473205,24958176,-0.020833251674930442,BBDC4.SA,1.0
2015-01-29,7.402368068695068,7.649326391507171,7.28527544344637,7.579070609179455,25864053,-0.013617185344119043,BBDC4.SA,1.0
2015-01-30,7.180952548980713,7.321463510036074,7.1277284254278115,7.302302618378659,27674022,-0.02991144423778802,BBDC4.SA,1.0
2015-02-02,7.255472660064697,7.298051999142347,7.055351113060428,7.270375532331158,23727040,0.010377468807332813,BBDC4.SA,1.0
2015-02-03,7.524028778076172,7.538940180599055,7.3536090473796785,7.455860885797575,23725510,0.037014282954941136,BBDC4.SA,1.0
2015-02-04,7.713621139526367,7.781789037155074,7.443079601464582,7.524029368594376,27441876,0.025198250437669323,BBDC4.SA,1.0
2015-02-05,7.590071678161621,7.711495631176058,7.583680480084982,7.622025595499711,19437453,-0.016017050763829976,BBDC4.SA,1.0
2015-02-06,7.622021675109863,7.628412351638178,7.434559411727899,7.573025797378098,18438718,0.004209446010920992,BBDC4.SA,1.0
2015-02-09,7.700840950012207,7.700840950012207,7.553854342162573,7.573026373205295,21732631,0.010340993277378363,BBDC4.SA,1.0
2015-02-10,7.539834499359131,7.766628293192021,7.539834499359131,7.6810455821620796,16000937,-0.020907645242669415,BBDC4.SA,1.0
2015-02-11,7.336575031280518,7.612579587110328,7.2788067690327525,7.522717093961407,24872206,-0.026958080856534727,BBDC4.SA,1.0
2015-02-12,7.627555847167969,7.627555847167969,7.411459457597211,7.467087824003979,17602995,0.03966166973646601,BBDC4.SA,1.0
2015-02-13,7.830816745758057,7.843654545349124,7.625418198645507,7.693884381016357,18634639,0.026648234724568676,BBDC4.SA,1.0
2015-02-18,7.9163994789123535,8.023376970977592,7.86504984547695,7.974167230932421,19939245,0.010928966407068197,BBDC4.SA,1.0
2015-02-19,7.899281024932861,7.993422263275421,7.832954231543135,7.899281024932861,11999108,-0.0021624040101932973,BBDC4.SA,1.0
2015-02-20,7.918534278869629,7.959186506664467,7.813696213317693,7.912116163569488,8144985,0.0024373425728236864,BBDC4.SA,1.0
2015-02-23,7.995561122894287,8.019096821366693,7.817977081612743,7.820116453960893,12216457,0.009727411830520394,BBDC4.SA,1.0
2015-02-24,8.08327865600586,8.093976552793759,7.9228112452438735,8.02337053809927,17895855,0.010970778881347565,BBDC4.SA,1.0
2015-02-25,8.128212928771973,8.128212928771973,7.942070906237887,7.98486199031029,20823438,0.005558916706740913,BBDC4.SA,1.0
2015-02-26,8.1453275680542,8.151746203142629,8.034070358974176,8.130350405828965,12804729,0.002105584515588177,BBDC4.SA,1.0
2015-02-27,8.044774055480957,8.335754818331205,8.038354895237903,8.130356265357813,30611553,-0.012344931708776374,BBDC4.SA,1.0
2015-03-02,7.9356513023376465,8.158166800888734,7.8693250476804035,8.025513250517363,24428068,-0.013564427340127083,BBDC4.SA,1.0
2015-03-03,7.952928066253662,7.9679135953826865,7.860875366450422,7.933660882970752,20408127,0.002177107241459364,BBDC4.SA,1.0
2015-03-04,7.788090229034424,7.890846815686455,7.766682997429651,7.83090521306317,24165055,-0.020726685297040248,BBDC4.SA,1.0
2015-03-05,7.775240421295166,7.865153029626239,7.683188289020653,7.803070898763955,33309541,-0.0016499305171572276,BBDC4.SA,1.0
2015-03-06,7.681051254272461,7.79237113959186,7.606125169581625,7.7538372930721335,19781335,-0.012113987725027253,BBDC4.SA,1.0
2015-03-09,7.4605536460876465,7.625391877960885,7.389908689570545,7.599702992252554,19038980,-0.028706696633766904,BBDC4.SA,1.0
2015-03-10,7.212218761444092,7.481954433158803,7.212218761444092,7.351368508580891,28325304,-0.03328638817224816,BBDC4.SA,1.0
2015-03-11,7.428439617156982,7.439143489682209,7.248615912862639,7.2614608723843235,17377227,0.02997979718374455,BBDC4.SA,1.0
2015-03-12,7.295713424682617,7.548323180450794,7.289291204548402,7.535478740182365,25786246,-0.017867304483140223,BBDC4.SA,1.0
2015-03-13,7.205806255340576,7.252902912513653,7.100908539759425,7.148005717751907,24809450,-0.012323286854698856,BBDC4.SA,1.0
2015-03-16,7.312839984893799,7.329965557911182,7.19295680721947,7.278587276401789,19831590,0.014853817291284432,BBDC4.SA,1.0
2015-03-17,7.599700927734375,7.601842014841219,7.2421940668914235,7.312839525036324,27340600,0.039227023076280565,BBDC4.SA,1.0
2015-03-18,7.899410724639893,7.899410724639893,7.454132148679322,7.597563163333446,23118871,0.03943705150445531,BBDC4.SA,1.0
2015-03-19,7.766683578491211,7.8544546408491795,7.67034868537607,7.841609675942284,15463686,-0.01680215787928052,BBDC4.SA,1.0
2015-03-20,7.886559963226318,7.974330961170315,7.805211182612971,7.830900051935562,26047218,0.015434694039433872,BBDC4.SA,1.0
2015-03-23,7.867298126220703,7.974335841666443,7.807357047236622,7.856594250512294,11658033,-0.002442362334836745,BBDC4.SA,1.0
2015-03-24,7.7923736572265625,7.9572124509338895,7.700320925835324,7.878003644773431,12732279,-0.009523532449396743,BBDC4.SA,1.0
2015-03-25,7.796655654907227,7.914397283564262,7.708884575288406,7.856596752983656,28497755,0.0005495113387810058,BBDC4.SA,1.0
2015-03-26,7.55689001083374,7.7666848899063075,7.533341164937798,7.730291597753906,30557216,-0.030752370591431433,BBDC4.SA,1.0
2015-03-27,7.347089767456055,7.560309919568341,7.244333230791009,7.560309919568341,21210474,-0.027762775834623832,BBDC4.SA,1.0
2015-03-30,7.501233100891113,7.511508870404321,7.3085647662063975,7.385631995916376,20418586,0.020980189206049493,BBDC4.SA,1.0
2015-03-31,7.591142654418945,7.6502275272763836,7.383060217243025,7.40618095099089,23138216,0.011985969815702768,BBDC4.SA,1.0
2015-04-01,7.837754249572754,7.968768893184664,7.675912324629171,7.7221527258076,19430481,0.032486755470238826,BBDC4.SA,1.0
2015-04-02,7.919745922088623,8.050841551734898,7.896610816755825,7.927457276437495,16688529,0.010461118058191055,BBDC4.SA,1.0
2015-04-06,7.996866226196289,8.091974902501816,7.958308387106881,8.020000825421247,12152554,0.009737724526309943,BBDC4.SA,1.0
2015-04-07,8.04056167602539,8.071408144444433,7.945453034591445,8.00714545028629,11705057,0.005464071624202482,BBDC4.SA,1.0
2015-04-08,8.037992477416992,8.140813017006996,8.017429203328343,8.076550831192424,18838850,-0.00031952974330873296,BBDC4.SA,1.0
2015-04-09,7.894042015075684,7.960875502406299,7.775798273139179,7.9043241702255,22461125,-0.017908758032026295,BBDC4.SA,1.0
2015-04-10,7.924891948699951,8.00714818360994,7.791224915541945,7.842635192646543,14701263,0.00390800220791232,BBDC4.SA,1.0
2015-04-13,7.94545316696167,8.084260192586905,7.9146072191719785,7.9300299324951995,17276971,0.0025945108646046044,BBDC4.SA,1.0
2015-04-14,8.055987358093262,8.055987358093262,7.87091057591532,8.055987358093262,18194923,0.013911628299718481,BBDC4.SA,1.0
2015-04-15,8.14338207244873,8.145952350873307,7.994292374099245,8.068837223273988,20660511,0.01084841751491461,BBDC4.SA,1.0
2015-04-16,8.145955085754395,8.145955085754395,8.035423174666768,8.140814006035969,15907483,0.00031596372155617836,BBDC4.SA,1.0
2015-04-17,7.904326438903809,8.073980484139847,7.901755638806895,8.035422130689527,14982729,-0.029662408435463306,BBDC4.SA,1.0
2015-04-20,7.860621929168701,7.9942883258534,7.80150034390983,7.942878093106521,11513304,-0.005529188359428172,BBDC4.SA,1.0
2015-04-22,7.924891948699951,8.045705500580826,7.80664815501635,7.86062871146164,15283115,0.008176200319819582,BBDC4.SA,1.0
2015-04-23,8.127960205078125,8.223068854972295,7.847774291636191,7.924889948400247,19526357,0.025624104113051827,BBDC4.SA,1.0
2015-04-24,8.354166030883789,8.418428738268508,8.143383871210032,8.21278765772273,25262601,0.027830577426343206,BBDC4.SA,1.0
2015-04-27,8.197366714477539,8.41843109427497,8.174232633642283,8.269341321268922,23424996,-0.018768996908439695,BBDC4.SA,1.0
2015-04-28,8.354166030883789,8.367018468132063,8.16394818772195,8.233351453091299,17621150,0.019128010477965196,BBDC4.SA,1.0
2015-04-29,8.104823112487793,8.361874370374736,8.099682035215737,8.305323041525291,27084474,-0.02984653614426891,BBDC4.SA,1.0
2015-04-30,8.271906852722168,8.274477130796482,8.086829633647282,8.10482314359696,19668578,0.02061534692557765,BBDC4.SA,1.0
2015-05-04,8.313035011291504,8.433849025682633,8.282189068456189,8.323317165950996,15003350,0.004972028735526823,BBDC4.SA,1.0
2015-05-05,8.346202850341797,8.41821962935681,8.153301713476266,8.235606678271832,19453653,0.003989859179618582,BBDC4.SA,1.0
2015-05-06,8.140448570251465,8.397650839739924,8.058144052594885,8.325634517152746,18592674,-0.024652441808541203,BBDC4.SA,1.0
2015-05-07,8.10958480834961,8.150737068709677,8.0144203040387,8.063288450263363,10514356,-0.0037914080084781032,BBDC4.SA,1.0
2015-05-08,8.140448570251465,8.261334080142962,8.032424607820019,8.24847357558155,11142551,0.00380583749122132,BBDC4.SA,1.0
2015-05-11,8.114729881286621,8.215039016827982,8.065861729189086,8.204750820139216,13034153,-0.003159369995755612,BBDC4.SA,1.0
2015-05-12,8.032424926757812,8.135305317188875,8.032424926757812,8.068432568031811,8403364,-0.010142661029125866,BBDC4.SA,1.0
2015-05-13,7.952689170837402,8.083862839743192,7.919253328226182,8.037565453207115,12926159,-0.009926735281993393,BBDC4.SA,1.0
2015-05-14,8.135300636291504,8.145588304400743,7.911534859919604,7.97326347582024,11470148,0.022962228440128074,BBDC4.SA,1.0
2015-05-15,8.276766777038574,8.302486744519092,8.081293146968996,8.132733603379377,12489930,0.017389171841540874,BBDC4.SA,1.0
2015-05-18,8.065860748291016,8.320490717400427,7.99898799939591,8.307630733828088,19821003,-0.02548169284323132,BBDC4.SA,1.0
2015-05-19,7.9938435554504395,8.1121567549599,7.849810389910274,8.091580364975885,12522881,-0.008928643214654475,BBDC4.SA,1.0
2015-05-20,7.76750373840332,7.9295414613770365,7.74949966283939,7.872956925919443,26212441,-0.028314266532373344,BBDC4.SA,1.0
2015-05-21,7.6749114990234375,7.734067825244612,7.541166035985371,7.710919652249439,29149760,-0.01192046280223813,BBDC4.SA,1.0
2015-05-22,7.458861827850342,7.6131831609902685,7.433141344935743,7.59260677465859,39888821,-0.028150118890698073,BBDC4.SA,1.0
2015-05-25,7.536019802093506,7.608036609567931,7.440855349638688,7.482007587574478,9096611,0.010344470245455817,BBDC4.SA,1.0
2015-05-26,7.265962600708008,7.502588502978469,7.265962600708008,7.489727997171321,28443333,-0.03583552173130922,BBDC4.SA,1.0
2015-05-27,7.530882358551025,7.546314656950363,7.240244128118659,7.34569686355702,32395118,0.036460380048915164,BBDC4.SA,1.0
2015-05-28,7.443428039550781,7.474292612834479,7.312255428166979,7.453716230645348,29737777,-0.011612758616650454,BBDC4.SA,1.0
2015-05-29,7.253100395202637,7.453718085678639,7.247956298375125,7.453718085678639,32101110,-0.025569891095451602,BBDC4.SA,1.0
2015-06-01,7.2093729972839355,7.3405455802323685,7.2016565949112,7.289105157359824,13990584,-0.006028787075334496,BBDC4.SA,1.0
2015-06-02,7.456193923950195,7.458767453844056,7.28632529688066,7.3017680416512984,20936662,0.03423611550675032,BBDC4.SA,1.0
2015-06-03,7.255439281463623,7.4098651414635786,7.221980266859936,7.4098651414635786,41764479,-0.02692454683102108,BBDC4.SA,1.0
2015-06-05,7.10101318359375,7.232274664484415,7.0881439710063665,7.20653728291445,18683449,-0.021284183063099205,BBDC4.SA,1.0
2015-06-08,7.093295097351074,7.198819771221972,7.077852347608408,7.13190171080641,17814817,-0.001086899297766064,BBDC4.SA,1.0
2015-06-09,7.052114486694336,7.167934319399166,6.992918065967126,7.113884959776386,23087620,-0.0058055685110459665,BBDC4.SA,1.0
2015-06-10,7.3094916343688965,7.327507915149087,7.124180199624083,7.160213282987132,23233668,0.03649645055538597,BBDC4.SA,1.0
2015-06-11,7.299193859100342,7.384128171112469,7.175652946754977,7.337800459433578,20572500,-0.0014088223618911044,BBDC4.SA,1.0
2015-06-12,7.155064582824707,7.281179050403658,7.131900722322556,7.206539886363107,35310541,-0.019745917022869652,BBDC4.SA,1.0
2015-06-15,7.12675142288208,7.152489329352052,6.974899079215397,7.103587567960335,20218117,-0.003957079578371769,BBDC4.SA,1.0
2015-06-16,7.286322593688965,7.335223817950118,7.121602131122658,7.160208196022842,19183879,0.02239044991727157,BBDC4.SA,1.0
2015-06-17,7.131897926330566,7.2580123444675735,7.106160545552753,7.232274441887377,19279756,-0.02119377304158243,BBDC4.SA,1.0
2015-06-18,7.3995747566223145,7.443328439362925,7.10873912093418,7.209116229544456,17977446,0.037532341749241915,BBDC4.SA,1.0
2015-06-19,7.250292778015137,7.376407222999005,7.19366990208738,7.304341602235725,21684544,-0.020174399680681132,BBDC4.SA,1.0
2015-06-22,7.319789409637451,7.378985856411759,7.232280983515431,7.30692070760875,19966413,0.009585355205661061,BBDC4.SA,1.0
2015-06-23,7.41562557220459,7.498539443380104,7.350849077516848,7.387123830492392,13328374,0.013092748602979931,BBDC4.SA,1.0
2015-06-24,7.4622602462768555,7.488170618597127,7.366391238320296,7.431167169120973,9300907,0.006288703982987309,BBDC4.SA,1.0
2015-06-25,7.436352729797363,7.482991841427362,7.2679341825200305,7.482991841427362,19715135,-0.0034718055420833727,BBDC4.SA,1.0
2015-06-26,7.545180797576904,7.560727350020728,7.40267257209388,7.40267257209388,14292245,0.014634602705633881,BBDC4.SA,1.0
2015-06-29,7.343068599700928,7.503714532894591,7.306793881015085,7.410436384668451,14630046,-0.02678692576072983,BBDC4.SA,1.0
2015-06-30,7.366391658782959,7.457078492389808,7.32752504746484,7.4130307518692415,13637476,0.003176200625850223,BBDC4.SA,1.0
2015-07-01,7.343068599700928,7.449302454865825,7.306793881015085,7.423392091607209,15810544,-0.003166144316291253,BBDC4.SA,1.0
2015-07-02,7.493193626403809,7.513936249173925,7.381703343169446,7.4283742444022085,13834119,0.020444453795378514,BBDC4.SA,1.0
2015-07-03,7.407627105712891,7.46985441042554,7.35317801696619,7.4439261477695675,5045334,-0.011419232567193571,BBDC4.SA,1.0
2015-07-06,7.26243257522583,7.381701041987056,7.215762214204161,7.288360319943717,16594566,-0.019600680273860416,BBDC4.SA,1.0
2015-07-07,7.197612285614014,7.249468301601445,7.052415545981572,7.220947992187117,20006805,-0.008925423945818967,BBDC4.SA,1.0
2015-07-08,7.086121559143066,7.2753960836301035,7.083528469403893,7.161312750990047,11750551,-0.015489960009902992,BBDC4.SA,1.0
2015-07-10,7.38947868347168,7.405035644485192,7.20798290762791,7.25206070100196,16122409,0.042810036745305036,BBDC4.SA,1.0
2015-07-13,7.5191192626953125,7.547640096151179,7.366144313337156,7.459485031679328,15811819,0.017543941159692933,BBDC4.SA,1.0
2015-07-14,7.565788745880127,7.6124590996476025,7.428370774043542,7.493190125763078,13277778,0.0062067752291623535,BBDC4.SA,1.0
2015-07-15,7.529493808746338,7.5839429349714855,7.44652383679898,7.5839429349714855,12485678,-0.0047972443261190545,BBDC4.SA,1.0
2015-07-16,7.493193626403809,7.620241402377766,7.454301997202849,7.604684435300178,13914265,-0.0048210654347524695,BBDC4.SA,1.0
2015-07-17,7.472449779510498,7.594311345594222,7.384294179042452,7.516527579744521,12068369,-0.0027683585834770152,BBDC4.SA,1.0
2015-07-20,7.327258586883545,7.446527153330716,7.298737728458726,7.423192478978352,9628079,-0.019430199855617447,BBDC4.SA,1.0
2015-07-21,7.233911991119385,7.329846338986465,7.1872416250903495,7.311696284942375,13290534,-0.012739634429070001,BBDC4.SA,1.0
2015-07-22,7.14316463470459,7.218355841385691,7.086122957131076,7.176870602669012,12381085,-0.012544713914988126,BBDC4.SA,1.0
2015-07-23,6.868325233459473,7.192424584045113,6.844989533529136,7.1405685828190695,29973961,-0.038475859832465376,BBDC4.SA,1.0
2015-07-24,6.930553436279297,6.933146000324726,6.697201645718314,6.870918680954527,26456491,0.009060171250580229,BBDC4.SA,1.0
2015-07-27,7.026486873626709,7.067972104575453,6.896847103897348,6.922774847578491,20744695,0.013842103409120288,BBDC4.SA,1.0
2015-07-28,7.099084854125977,7.1794616932596975,6.904625217282066,7.093899200730726,24679687,0.010332045274539237,BBDC4.SA,1.0
2015-07-29,7.158722877502441,7.22872791618231,7.029082534687762,7.029082534687762,15997408,0.008400804413797536,BBDC4.SA,1.0
2015-07-30,6.974635124206543,7.207987588294621,6.964264335791501,7.207987588294621,18398794,-0.025715166859500482,BBDC4.SA,1.0
2015-07-31,7.125007629394531,7.145750228518188,7.005739261417733,7.023888772820228,15595618,0.02155990994655732,BBDC4.SA,1.0
2015-08-03,6.821655750274658,6.92018212012863,6.767206648770578,6.8812899798631175,36725735,-0.042575656742931955,BBDC4.SA,1.0
2015-08-04,6.75911808013916,6.870688787994035,6.694251413992893,6.8577155599730215,25414601,-0.009167520676044094,BBDC4.SA,1.0
2015-08-05,6.730576515197754,6.852526548782745,6.642358349279046,6.798038146365411,20182402,-0.004222675888038152,BBDC4.SA,1.0
2015-08-06,6.75911808013916,6.836957974306441,6.621600390201059,6.655331203888653,16584149,0.004240582493484579,BBDC4.SA,1.0
2015-08-07,6.56970739364624,6.766902892609283,6.528192745563949,6.670899315469249,22152661,-0.02802298824301941,BBDC4.SA,1.0
2015-08-10,6.655332565307617,6.681279026657269,6.582681526654242,6.613817911523391,12383211,0.01303333109541338,BBDC4.SA,1.0
2015-08-11,6.766903877258301,6.766903877258301,6.517814900437265,6.66830637645052,17974895,0.016764197860265284,BBDC4.SA,1.0
2015-08-12,6.458136081695557,6.559328520211731,6.408837606039869,6.538570935067536,31201015,-0.045629109141098856,BBDC4.SA,1.0
2015-08-13,6.305051326751709,6.458136690476712,6.284293739650784,6.437379103375786,23494300,-0.02370416990402835,BBDC4.SA,1.0
2015-08-14,6.27131986618042,6.3932698990319645,6.245373408835818,6.310240078238547,24487295,-0.005349910543657299,BBDC4.SA,1.0
2015-08-17,6.164937973022461,6.346565261618671,6.144180914295666,6.242778389861172,11664878,-0.01696323827008861,BBDC4.SA,1.0
2015-08-18,6.289481163024902,6.432187688423536,6.055960485574381,6.149369072179231,39625213,0.020201856133417406,BBDC4.SA,1.0
2015-08-19,6.100071430206299,6.19347951142532,6.01963657670299,6.18569568000413,26103597,-0.03011531919868371,BBDC4.SA,1.0
2015-08-20,6.066340923309326,6.12082879808849,5.988501027047491,6.058556565454294,28414421,-0.005529526544549301,BBDC4.SA,1.0
2015-08-21,5.998879432678223,6.120828402729682,5.941796600287427,6.017041530390266,34968488,-0.011120623038492483,BBDC4.SA,1.0
2015-08-24,5.972932815551758,6.068935336389159,5.643409028658569,5.747195907322556,41371405,-0.00432524397558709,BBDC4.SA,1.0
2015-08-25,5.866550445556641,6.141585806979171,5.866550445556641,6.107854995554766,32037546,-0.017810742775831834,BBDC4.SA,1.0
2015-08-26,6.24796724319458,6.266129339226765,5.910659676269304,6.006662182376988,42639489,0.06501551485453039,BBDC4.SA,1.0
2015-08-27,6.424407958984375,6.499653447578262,6.258348786419498,6.330999838804571,36234870,0.028239699236896287,BBDC4.SA,1.0
2015-08-28,6.219426155090332,6.445163059589904,6.172722113067304,6.284293347714495,29485223,-0.03190672279885043,BBDC4.SA,1.0
2015-08-31,5.980717182159424,6.061152046618917,5.931418699708206,6.014447999647761,47472874,-0.03838118935386592,BBDC4.SA,1.0
2015-09-01,5.809469223022461,5.900282890297801,5.76017073578703,5.786117723311974,32285423,-0.028633348463257602,BBDC4.SA,1.0
2015-09-02,5.915677070617676,5.931258473241459,5.767655061910918,5.87153002642746,24532364,0.018281850461367766,BBDC4.SA,1.0
2015-09-03,6.063697338104248,6.063697338104248,5.8118009418306915,5.9676133573918095,34269926,0.025021695018101697,BBDC4.SA,1.0
2015-09-04,5.806603908538818,5.983191425102156,5.806603908538818,5.90009172700604,27342130,-0.04239878991813384,BBDC4.SA,1.0
2015-09-08,5.941646099090576,5.980598816076522,5.894902417517302,5.980598816076522,22185825,0.02325665615889072,BBDC4.SA,1.0
2015-09-09,6.011762619018555,6.167575105925741,5.998778903219381,6.003972705431734,32067521,0.01180085766782879,BBDC4.SA,1.0
2015-09-10,5.881916522979736,5.993582431070271,5.757266378386256,5.840366650277767,31780953,-0.021598673179150985,BBDC4.SA,1.0
2015-09-11,5.816994667053223,5.879319737775771,5.788429031575703,5.850754102298251,20467056,-0.011037534394252924,BBDC4.SA,1.0
2015-09-14,6.0766825675964355,6.102651568761378,5.791026713707693,5.832576589083997,24505152,0.04464296692827574,BBDC4.SA,1.0
2015-09-15,6.193543910980225,6.2376909650729235,6.045522395558906,6.066297077229514,23103564,0.019231108764335536,BBDC4.SA,1.0
2015-09-16,6.424655437469482,6.427252071084457,6.235083809507143,6.235083809507143,28177811,0.03731490884879851,BBDC4.SA,1.0
2015-09-17,6.406486511230469,6.562298964318941,6.310402507376243,6.362339991739067,28564507,-0.002828000103017203,BBDC4.SA,1.0
2015-09-18,6.058500289916992,6.351947454015162,6.0065633723975855,6.323381306999837,40512978,-0.05431779505091627,BBDC4.SA,1.0
2015-09-21,5.87152624130249,6.100051226513547,5.82218595453295,6.03512954716489,27459478,-0.03086144089580689,BBDC4.SA,1.0
2015-09-22,5.894901275634766,5.952032547932646,5.684554222813015,5.7936229675191875,30349178,0.003981083175247813,BBDC4.SA,1.0
2015-09-23,5.694943428039551,5.962421302075634,5.694943428039551,5.881918170823963,25816604,-0.03392047436344614,BBDC4.SA,1.0
2015-09-24,5.7624592781066895,5.811800106192743,5.414478424666854,5.523547152526166,33828807,0.01185540311686295,BBDC4.SA,1.0
2015-09-25,5.630018711090088,5.876721248702489,5.585871686270792,5.835171386424738,21068041,-0.022983341074492847,BBDC4.SA,1.0
2015-09-28,5.48978853225708,5.578082068335726,5.419672504193505,5.549515908633424,25345085,-0.02490758664030379,BBDC4.SA,1.0
2015-09-29,5.456027030944824,5.611839388121796,5.443042799468586,5.49757688756121,26898886,-0.006149872825497504,BBDC4.SA,1.0
2015-09-30,5.562502384185791,5.655989748425863,5.427465138782094,5.648198783747405,36160252,0.01951518066847413,BBDC4.SA,1.0
2015-10-01,5.637805938720703,5.674161981721971,5.536528239935128,5.5832718742187994,21649467,0.013537711866695057,BBDC4.SA,1.0
2015-10-02,5.850671768188477,5.850671768188477,5.55177004040184,5.595955678162695,27506460,0.037756856440517295,BBDC4.SA,1.0
2015-10-05,6.022215366363525,6.159970631086358,5.910452337106546,5.975430817979303,26285784,0.029320325079211118,BBDC4.SA,1.0
2015-10-06,6.079392910003662,6.1079840355021,5.962431609999362,5.99881997984887,22642250,0.009494436874426082,BBDC4.SA,1.0
2015-10-07,6.297728538513184,6.435483357146479,6.12878417829896,6.2119571674285625,35821601,0.03591405124519076,BBDC4.SA,1.0
2015-10-08,6.302924156188965,6.354907054297981,6.196359452192104,6.2197512030457105,27302164,0.0008249986711887924,BBDC4.SA,1.0
2015-10-09,6.235344886779785,6.414686347206548,6.133978547134155,6.3964918888836495,26861470,-0.010721891575170228,BBDC4.SA,1.0
2015-10-13,5.894861221313477,6.094995120468704,5.780498692111477,6.094995120468704,41135221,-0.05460542626731102,BBDC4.SA,1.0
2015-10-14,5.8636674880981445,5.97543051162515,5.796090103312205,5.85587023941652,51218025,-0.0052916823728687,BBDC4.SA,1.0
2015-10-15,5.8428778648376465,5.913054195488634,5.720717564259493,5.87666631235161,20802094,-0.0035454983255268635,BBDC4.SA,1.0
2015-10-16,5.7311110496521,5.840275164997956,5.679128162675402,5.83247791638323,29063450,-0.019128726934060647,BBDC4.SA,1.0
2015-10-19,5.723315238952637,5.827281039026207,5.70772021085718,5.751905860320272,30396585,-0.0013602616721126726,BBDC4.SA,1.0
2015-10-20,5.588160037994385,5.780496614463978,5.554370546204062,5.757103808309434,28517100,-0.023614844773601096,BBDC4.SA,1.0
2015-10-21,5.595963001251221,5.655743214260021,5.5231866544568655,5.5881657425387825,20449837,0.0013963385450279642,BBDC4.SA,1.0
2015-10-22,5.679127216339111,5.746705116232416,5.61674765697205,5.634942112287823,22130127,0.014861466215787322,BBDC4.SA,1.0
2015-10-23,5.601151943206787,5.835075130188238,5.588156883918875,5.816881204068706,21532969,-0.013730150806973596,BBDC4.SA,1.0
2015-10-26,5.559566497802734,5.692123392222895,5.473795195568761,5.64014051335038,23713477,-0.007424445154445181,BBDC4.SA,1.0
2015-10-27,5.582962512969971,5.598557543708003,5.499789542648624,5.562169138652594,25977957,0.004208244505481407,BBDC4.SA,1.0
2015-10-28,5.8272786140441895,5.840274201908344,5.777894642433413,5.809084158696954,3599953,0.043761014068541604,BBDC4.SA,1.0
2015-10-29,5.4685959815979,5.736307580603415,5.4685959815979,5.5881567419940055,31270957,-0.061552339643043075,BBDC4.SA,1.0
2015-10-30,5.458199501037598,5.549169659588357,5.419212214951873,5.517979619940662,29438879,-0.001901124273083532,BBDC4.SA,1.0
2015-11-03,5.746706485748291,5.7571026423304685,5.442606917653187,5.510184306703224,36077768,0.052857537482066785,BBDC4.SA,1.0
2015-11-04,5.631979942321777,5.866103649309532,5.585155200924226,5.855698561421711,36021220,-0.019963877346273584,BBDC4.SA,1.0
2015-11-05,5.785462379455566,5.785462379455566,5.6033661922339615,5.652792081699512,24549158,0.0272519502387496,BBDC4.SA,1.0
2015-11-06,5.702218055725098,5.756846749428826,5.631980410390709,5.751643941352178,30273072,-0.014388534272744224,BBDC4.SA,1.0
2015-11-09,5.5747528076171875,5.6996192084454975,5.553942092413121,5.6736051551891915,31971644,-0.02235362570533994,BBDC4.SA,1.0
2015-11-10,5.546135902404785,5.569547749787877,5.397857704573941,5.566946609212233,23922663,-0.005133304776007486,BBDC4.SA,1.0
2015-11-11,5.681408405303955,5.707422452930336,5.556542031499054,5.60076564876347,24212420,0.0243904053704338,BBDC4.SA,1.0
2015-11-12,5.678805351257324,5.715224481647414,5.486303555394476,5.626777796099738,25191597,-0.00045817055577290766,BBDC4.SA,1.0
2015-11-13,5.595561504364014,5.660595816814119,5.533128332355588,5.598163172206432,28948227,-0.014658689943454317,BBDC4.SA,1.0
2015-11-16,5.642388343811035,5.642388343811035,5.530529242725591,5.603368058312048,35215939,0.008368568446705638,BBDC4.SA,1.0
2015-11-17,5.853100776672363,5.941547502526549,5.668402317922281,5.668402317922281,34828393,0.03734454632007944,BBDC4.SA,1.0
2015-11-18,5.899925231933594,6.001378715272465,5.819281935196158,5.853100466177046,24426708,0.007999940039961517,BBDC4.SA,1.0
2015-11-19,6.087221145629883,6.087221145629883,5.936341305718886,5.9831660472498385,26817252,0.03174547241421677,BBDC4.SA,1.0
2015-11-23,6.027389049530029,6.201681785533239,5.957152465470033,6.165262659753783,32983560,-0.009829131334058383,BBDC4.SA,1.0
2015-11-24,5.985766887664795,6.019584872055105,5.840089862707084,5.957152238073692,22931794,-0.006905504443666111,BBDC4.SA,1.0
2015-11-25,5.694414138793945,5.899923232088931,5.684008521619379,5.8765103297457735,36694059,-0.04867425583700169,BBDC4.SA,1.0
2015-11-26,5.819279193878174,5.8556988491776085,5.69701505413252,5.704819002282049,23376101,0.021927638566638263,BBDC4.SA,1.0
2015-11-27,5.605963706970215,5.777654709737956,5.58255187284785,5.769850765030501,29661245,-0.03665668544179235,BBDC4.SA,1.0
2015-11-30,5.494107246398926,5.59816234184516,5.423869608682156,5.540931986609665,70247991,-0.019953118931578473,BBDC4.SA,1.0
2015-12-01,5.462888240814209,5.559138823225531,5.416063519122117,5.494105073542571,29841732,-0.005682270873976658,BBDC4.SA,1.0
2015-12-02,5.460017204284668,5.566770382559786,5.363679575359285,5.4860547579654595,34518653,-0.0005255528583013591,BBDC4.SA,1.0
2015-12-03,5.6995625495910645,5.894842421881227,5.650091972375818,5.702166569794688,46562575,0.04387263562437438,BBDC4.SA,1.0
2015-12-04,5.621453285217285,5.686546961429784,5.532926582367078,5.686546961429784,27758164,-0.01370443147068956,BBDC4.SA,1.0
2015-12-07,5.5641679763793945,5.7698628625203705,5.551149987581039,5.676128697849575,17966604,-0.0101904802782109,BBDC4.SA,1.0
2015-12-08,5.441795349121094,5.5980191920883655,5.41836127119212,5.566774106768248,32786279,-0.0219929786048495,BBDC4.SA,1.0
2015-12-09,5.715185165405273,5.759449290540342,5.519905800283078,5.527716805967115,51690181,0.05023890072020709,BBDC4.SA,1.0
2015-12-10,5.467830657958984,5.738618672117752,5.467830657958985,5.673525028953961,33822004,-0.043280226324696636,BBDC4.SA,1.0
2015-12-11,5.420963764190674,5.553754019676094,5.394926728307615,5.405341225934265,35564583,-0.008571387210043024,BBDC4.SA,1.0
2015-12-14,5.324624061584473,5.402736195115155,5.2933795248986515,5.400132175796174,28639551,-0.017771692783226767,BBDC4.SA,1.0
2015-12-15,5.407947063446045,5.488663282166716,5.3558724412209315,5.3636839776753025,19151991,0.015648616859680775,BBDC4.SA,1.0
2015-12-16,5.4548115730285645,5.501678120976419,5.236098200591918,5.337643355587684,55544602,0.00866585952722998,BBDC4.SA,1.0
2015-12-17,5.572690486907959,5.68935272826934,5.53742019995701,5.656795836495227,38863513,0.021610079890247658,BBDC4.SA,1.0
2015-12-18,5.331225395202637,5.491297562796916,5.279676386115675,5.388200094672707,48042395,-0.043330074094838245,BBDC4.SA,1.0
2015-12-21,5.176577568054199,5.409903645620437,5.163012245534536,5.382772450531539,26976267,-0.029007932639201317,BBDC4.SA,1.0
2015-12-22,5.222703456878662,5.312235079242661,5.182006914863272,5.214563818445644,19094167,0.008910498919037835,BBDC4.SA,1.0
2015-12-23,5.263399600982666,5.306809540413794,5.198285791935808,5.304096694224307,14549901,0.007792160600350373,BBDC4.SA,1.0
2015-12-28,5.314949989318848,5.333941567655635,5.228131188336374,5.290532167164398,13078797,0.009794123996695436,BBDC4.SA,1.0
2015-12-29,5.342078685760498,5.371922187589796,5.301382151370859,5.366495946334524,11689538,0.005104224215875863,BBDC4.SA,1.0
2015-12-30,5.23084020614624,5.355642622494617,5.209135246764034,5.355642622494617,17977234,-0.020823070223725426,BBDC4.SA,1.0
2016-01-04,5.154874801635742,5.230841630103758,5.095187247185636,5.1603010429584435,22798501,-0.01452260086653745,BBDC4.SA,1.0
2016-01-05,5.17360782623291,5.238787270093729,5.108428382372092,5.192618382650709,16877732,0.0036340406543382553,BBDC4.SA,1.0
2016-01-06,5.10028076171875,5.160027984128304,5.013374659796385,5.097565204127273,31314962,-0.01417329395211464,BBDC4.SA,1.0
2016-01-07,4.9970808029174805,5.0785552576518915,4.980786352450438,4.991649686494999,43702638,-0.02023417212163281,BBDC4.SA,1.0
2016-01-08,4.899312973022461,5.073124704084429,4.888449636593603,5.056829699441142,26191820,-0.01956498879064339,BBDC4.SA,1.0
2016-01-11,4.76080846786499,4.97535693453236,4.747229018870815,4.918325230916998,23604420,-0.02827018929391345,BBDC4.SA,1.0
2016-01-12,4.733645915985107,4.831415329142764,4.706488143318774,4.8205519998364075,24265567,-0.005705449413314412,BBDC4.SA,1.0
2016-01-13,4.6657514572143555,4.820552540699643,4.622298135113488,4.806973102243311,26244542,-0.014342952551959609,BBDC4.SA,1.0
2016-01-14,4.806972503662109,4.806972503662109,4.622297559528663,4.698340313136447,26951607,0.030267588778093435,BBDC4.SA,1.0
2016-01-15,4.684761047363281,4.722782696386046,4.597855522224549,4.722782696386046,34419162,-0.025423789340530578,BBDC4.SA,1.0
2016-01-18,4.6440253257751465,4.725499212806429,4.6440253257751465,4.687478102231809,19736394,-0.00869536806174176,BBDC4.SA,1.0
2016-01-19,4.676613807678223,4.7580882285357875,4.63587714784901,4.752656563771978,20056125,0.007017292029439348,BBDC4.SA,1.0
2016-01-20,4.687478065490723,4.70377306300913,4.59785695563868,4.622298626016772,34352410,0.0023231034802708717,BBDC4.SA,1.0
2016-01-21,4.619584560394287,4.733648478663255,4.597858440619158,4.657606233550515,31875342,-0.014484015529857786,BBDC4.SA,1.0
2016-01-22,4.714635372161865,4.720067036823297,4.622297623517095,4.6603192761471135,28205447,0.020575618981518495,BBDC4.SA,1.0
2016-01-26,4.6603193283081055,4.709203760208569,4.622297675252526,4.65217210652455,24044688,-0.01152073056900127,BBDC4.SA,1.0
2016-01-27,4.717351913452148,4.7770996796208625,4.644024709081736,4.65488803940325,42961133,0.012237913569057568,BBDC4.SA,1.0
2016-01-28,4.725501537322998,4.777102663885308,4.676617070937585,4.777102663885308,28774756,0.0017275844627173687,BBDC4.SA,1.0
2016-01-29,4.929183483123779,4.929183483123779,4.714634687263371,4.749940227134031,45583398,0.04310271495883744,BBDC4.SA,1.0
2016-02-01,5.056828498840332,5.059544607602644,4.836848466083631,4.893880142894698,28885727,0.025895772830038855,BBDC4.SA,1.0
2016-02-02,4.85265588760376,5.002177139408274,4.8309076124568495,4.917901815367161,53295853,-0.0403756250154409,BBDC4.SA,1.0
2016-02-03,5.086451530456543,5.1897573117608,4.991301280173819,5.110918123521143,106029201,0.048178904144021484,BBDC4.SA,1.0
2016-02-04,5.363748550415039,5.510551480122965,5.051112191671398,5.157136897234693,68902314,0.05451679197139758,BBDC4.SA,1.0
2016-02-05,5.309377193450928,5.44530571367825,5.276753951760181,5.363748711774131,34412147,-0.01013682063077026,BBDC4.SA,1.0
2016-02-10,5.3691840171813965,5.382776202996695,5.225098910818266,5.225098910818266,16781855,0.01126437650808465,BBDC4.SA,1.0
2016-02-11,5.230538368225098,5.3175331348909864,5.1734485176430525,5.265880491673148,21285943,-0.02582248038298418,BBDC4.SA,1.0
2016-02-12,5.24685001373291,5.295784329067733,5.159855246678789,5.295784329067733,20533171,0.0031185404559699315,BBDC4.SA,1.0
2016-02-15,5.24685001373291,5.3691863532313855,5.235975598955968,5.314814830508091,11267765,0.0,BBDC4.SA,1.0
2016-02-16,5.4344329833984375,5.477930652461915,5.22238405136016,5.260444511790703,26978819,0.03575154029075622,BBDC4.SA,1.0
2016-02-17,5.494239807128906,5.63288720091182,5.361029620078789,5.472491531359075,42743019,0.011005163540183771,BBDC4.SA,1.0
2016-02-18,5.382779598236084,5.461618845215081,5.32297085642124,5.461618845215081,27180564,-0.02028673898583755,BBDC4.SA,1.0
2016-02-19,5.4045257568359375,5.453460057523784,5.301219949699233,5.328405427343036,23900767,0.004039949658533271,BBDC4.SA,1.0
2016-02-22,5.687256336212158,5.730753420703911,5.52686073380611,5.543171796014817,37900279,0.05231367044899504,BBDC4.SA,1.0
2016-02-23,5.632887363433838,5.760659796276343,5.5812347247240055,5.597545243070286,24877393,-0.009559789389505746,BBDC4.SA,1.0
2016-02-24,5.622009754180908,5.627446957980148,5.445302559769312,5.559482737231234,20443247,-0.0019310894308915971,BBDC4.SA,1.0
2016-02-25,5.605701446533203,5.722600019209015,5.526863322883196,5.570360427751309,22469204,-0.0029007967543238644,BBDC4.SA,1.0
2016-02-26,5.622009754180908,5.736189931642831,5.551326655951848,5.719878320245112,18230213,0.002909235856253245,BBDC4.SA,1.0
2016-02-29,5.801441192626953,5.828626685609715,5.646481567746646,5.706290313702597,43985379,0.03191588885320007,BBDC4.SA,1.0
2016-03-01,5.964554309844971,6.005332539103876,5.831343553650364,5.83678076111717,34267587,0.028115964947695637,BBDC4.SA,1.0
2016-03-02,6.094882488250732,6.094882488250732,5.912580216285838,5.956114996635268,32723991,0.02185044709721984,BBDC4.SA,1.0
2016-03-03,6.639062404632568,6.639062404632568,6.639062404632568,6.639062404632568,58264657,0.08928472656049835,BBDC4.SA,1.0
2016-03-04,7.324738025665283,7.34106376546108,6.63906467718004,6.63906467718004,92716133,0.10327898417617942,BBDC4.SA,1.0
2016-03-07,7.11794900894165,7.319297635090832,6.965577612368978,7.319297635090832,35402166,-0.02823159217422666,BBDC4.SA,1.0
2016-03-08,7.153323650360107,7.332904667171092,7.036323838476118,7.074416146215693,49113623,0.004969780111380162,BBDC4.SA,1.0
2016-03-09,6.82952880859375,7.4009229832313945,6.829528808593751,7.270318190668587,51949750,-0.0452649506149575,BBDC4.SA,1.0
2016-03-10,7.033601760864258,7.1478808769270765,6.807764762161278,6.979183160436184,45017490,0.029880970999597745,BBDC4.SA,1.0
2016-03-11,7.283921718597412,7.313851954293208,7.017270828746633,7.033596562300222,41492367,0.03558915705548782,BBDC4.SA,1.0
2016-03-14,7.237667560577393,7.52880739943554,7.224063055030653,7.308411872041837,33809249,-0.006350172311973434,BBDC4.SA,1.0
2016-03-15,6.8567376136779785,7.06896942988297,6.756063066101165,6.971016665845666,33692539,-0.05263158934990164,BBDC4.SA,1.0
2016-03-16,6.704369068145752,6.756066432002259,6.421392252828284,6.715252897896156,46399308,-0.022221726149805998,BBDC4.SA,1.0
2016-03-17,7.577785968780518,7.610436900641784,7.041763240196858,7.40092514558633,71874072,0.13027577863882867,BBDC4.SA,1.0
2016-03-18,7.477113723754883,7.64581146538228,7.305695851576805,7.542416164326573,47691626,-0.013285179264813096,BBDC4.SA,1.0
2016-03-21,7.602275371551514,7.645810140509321,7.4417408075873555,7.482554343188571,23422658,0.016739299737944524,BBDC4.SA,1.0
2016-03-22,7.523367881774902,7.615879321235278,7.471669971946764,7.534251158693703,30869379,-0.010379456928367947,BBDC4.SA,1.0
2016-03-23,7.278482437133789,7.45806391619148,7.1859710168488125,7.419971075775036,24105276,-0.03254997608641996,BBDC4.SA,1.0
2016-03-24,7.145157814025879,7.213180909234369,7.0526458308382916,7.074413486091489,19821641,-0.01831764028552252,BBDC4.SA,1.0
2016-03-28,7.49343729019165,7.5805073694841685,7.28392606688727,7.452623759400551,29838756,0.048743426699701775,BBDC4.SA,1.0
2016-03-29,7.624039649963379,7.673016312270578,7.3192952991605615,7.528807557498484,25745599,0.017428898743528265,BBDC4.SA,1.0
2016-03-30,7.634922027587891,7.83627055129858,7.5913867345578785,7.6893405922371265,25079776,0.0014273768401196207,BBDC4.SA,1.0
2016-03-31,7.362831115722656,7.362831115722656,7.362831115722656,7.362831115722656,151362,-0.03563768050047744,BBDC4.SA,1.0
2016-04-01,7.509764671325684,7.509764671325683,7.509764671325683,7.509764671325683,31037,0.01995612194462315,BBDC4.SA,1.0
2016-04-04,7.20452880859375,7.20452880859375,7.20452880859375,7.20452880859375,247239,-0.04064519676593947,BBDC4.SA,1.0
2016-04-05,7.2372026443481445,7.237202644348145,7.237202644348145,7.237202644348145,54634,0.004535180109963566,BBDC4.SA,1.0
2016-04-06,7.046608924865723,7.046608924865723,7.046608924865723,7.046608924865723,124150,-0.026335274670146958,BBDC4.SA,1.0
2016-04-07,7.101062297821045,7.101062297821046,7.101062297821046,7.101062297821046,19983,0.0077275996916998935,BBDC4.SA,1.0
2016-04-08,7.463193893432617,7.525818113231826,7.340667453973736,7.378786496284743,22920739,0.050996819971948604,BBDC4.SA,1.0
2016-04-11,7.588442802429199,7.5884428024292,7.5884428024292,7.5884428024292,54422,0.016782212921842676,BBDC4.SA,1.0
2016-04-12,7.945135116577148,7.945135116577148,7.945135116577148,7.945135116577148,100978,0.04700467848736567,BBDC4.SA,1.0
2016-04-13,8.739645957946777,8.739645957946777,8.739645957946777,8.739645957946777,312503,0.09999966390904036,BBDC4.SA,1.0
2016-04-14,7.814435958862305,8.113944349660743,7.71369267906299,8.048597014212177,30188887,-0.1058635559765666,BBDC4.SA,1.0
2016-04-15,7.849832534790039,7.915179314287598,7.7627025754300645,7.87161461061658,24838915,0.004529639261755314,BBDC4.SA,1.0
2016-04-18,7.805179595947266,7.936963414822757,7.625474538940153,7.787209200650163,22452699,-0.005688393815393433,BBDC4.SA,1.0
2016-04-19,7.823151111602783,7.823151111602783,7.823151111602783,7.823151111602783,38458,0.0023025114841495053,BBDC4.SA,1.0
2016-04-20,7.817158222198486,7.847109058054889,7.661414096552361,7.7812174399779686,20546757,-0.0007660454615798784,BBDC4.SA,1.0
2016-04-22,7.652432441711426,7.745279689413351,7.592530742282626,7.63745729286331,15283482,-0.02107233547087306,BBDC4.SA,1.0
2016-04-25,7.475718021392822,7.709334175060234,7.427796801564981,7.637452621327387,16770433,-0.023092581563396664,BBDC4.SA,1.0
2016-04-26,7.745276927947998,7.784212963492827,7.454754838134238,7.532626909223897,15378180,0.03605792858743406,BBDC4.SA,1.0
2016-04-27,8.017831802368164,8.080728750545793,7.745279464301407,7.745279464301407,27109521,0.03518981657539988,BBDC4.SA,1.0
2016-04-28,7.853100299835205,7.993869306782781,7.670400557386269,7.787208670889065,40427150,-0.020545642087964944,BBDC4.SA,1.0
2016-04-29,7.757259368896484,7.948944346407184,7.6674068286815515,7.921988749948138,27196682,-0.012204215822982922,BBDC4.SA,1.0
2016-05-02,7.604507923126221,7.796192837271755,7.514654860595848,7.76025205387395,17665039,-0.01969141916057826,BBDC4.SA,1.0
2016-05-03,7.445342540740967,7.595208168293652,7.373406663862758,7.442345051412069,29212203,-0.020930398652253768,BBDC4.SA,1.0
2016-05-04,7.763062000274658,7.763062000274659,7.478316946804162,7.481313885177352,25984741,0.0426735852373652,BBDC4.SA,1.0
2016-05-05,7.568232536315918,7.897937584845141,7.499294147721905,7.826002259307578,21580705,-0.025096986724033266,BBDC4.SA,1.0
2016-05-06,7.604202747344971,7.715103814620698,7.478315885468026,7.490304742121382,12477136,0.004752788825719945,BBDC4.SA,1.0
2016-05-09,7.652161598205566,7.733088879399515,7.286488153896855,7.499297851088239,36473993,0.006306887448173315,BBDC4.SA,1.0
2016-05-10,7.981864929199219,7.98186492919922,7.694121895446918,7.742078975667149,23659036,0.04308630009472991,BBDC4.SA,1.0
2016-05-11,8.059792518615723,8.221648103906114,7.987857193980675,8.089766307121348,24617225,0.009763080446454353,BBDC4.SA,1.0
2016-05-12,8.233634948730469,8.332546541779752,7.96087897195906,8.15270718124822,27377574,0.021569094950424805,BBDC4.SA,1.0
2016-05-13,7.900937080383301,8.230642212629494,7.76306026818633,8.176690704777243,24756759,-0.04040716772346897,BBDC4.SA,1.0
2016-05-16,7.763062000274658,7.957887853928702,7.736086240329723,7.846987323344731,14136090,-0.01745047184984716,BBDC4.SA,1.0
2016-05-17,7.511284828186035,7.837993019274286,7.502292910305708,7.805022837856722,14381918,-0.03243271431810224,BBDC4.SA,1.0
2016-05-18,7.544256210327148,7.733087606902488,7.4183693491848635,7.430358205768254,22923677,0.004389579532038113,BBDC4.SA,1.0
2016-05-19,7.388396263122559,7.499297340448666,7.328449764699311,7.478316563188437,17903524,-0.020659418617203995,BBDC4.SA,1.0
2016-05-20,7.307467937469482,7.520277037161935,7.268502774336161,7.484309364248386,10308359,-0.0109534360057284,BBDC4.SA,1.0
2016-05-23,7.3284478187561035,7.403381198103397,7.100651848152275,7.151606413525028,15825579,0.002871019273180231,BBDC4.SA,1.0
2016-05-24,7.349424362182617,7.466319200083233,7.2625016389237,7.409370801187856,11777144,0.0028623446526871987,BBDC4.SA,1.0
2016-05-25,7.319452285766602,7.502288580384431,7.307463437132761,7.418364430225196,12818435,-0.0040781529190558885,BBDC4.SA,1.0
2016-05-27,7.2145514488220215,7.421366694043491,7.163597424471314,7.331447502582839,12230535,-0.014331787796276751,BBDC4.SA,1.0
2016-05-30,7.193572998046875,7.268506424151826,7.142618953310205,7.193572998046875,4255998,-0.0029077969606234877,BBDC4.SA,1.0
2016-05-31,6.833892345428467,7.24752228925874,6.663044774388034,7.148610624829699,58986410,-0.050000278403522835,BBDC4.SA,1.0
2016-06-01,6.959777355194092,7.025718815477456,6.770945996075084,6.923809687716507,27542813,0.018420689616194474,BBDC4.SA,1.0
2016-06-02,7.184451103210449,7.229447446137287,6.914471387001904,6.959468282811249,22413274,0.03228174358892133,BBDC4.SA,1.0
2016-06-03,7.220449447631836,7.343439841854254,7.14245540425113,7.229448717800178,19384484,0.00501059077502819,BBDC4.SA,1.0
2016-06-06,7.178452014923096,7.274444584962152,7.0374625475714945,7.2564460471901455,15182213,-0.005816456858168895,BBDC4.SA,1.0
2016-06-07,7.271444797515869,7.289443335666942,7.094458250892755,7.154453746651357,14177448,0.012954433964238232,BBDC4.SA,1.0
2016-06-08,7.499429702758789,7.556425831152029,7.274447342443452,7.319443703929972,26825234,0.03135345334957451,BBDC4.SA,1.0
2016-06-09,7.511428356170654,7.535426780661093,7.337441713704258,7.454432236226523,14854249,0.0015999421139252235,BBDC4.SA,1.0
2016-06-10,7.211452960968018,7.451435065773321,7.208453571675924,7.406438697563735,11750087,-0.03993586585382347,BBDC4.SA,1.0
2016-06-13,7.331443786621094,7.373440764239688,7.091462242120847,7.154457155665936,16523059,0.016638925096305268,BBDC4.SA,1.0
2016-06-14,7.187453746795654,7.439434467717209,7.058463444717351,7.310444165638906,23603763,-0.019640065997396317,BBDC4.SA,1.0
2016-06-15,7.199451923370361,7.328442216774661,7.091460666993937,7.229449678880261,36633433,0.0016693222659076579,BBDC4.SA,1.0
2016-06-16,7.3074421882629395,7.334439996651285,7.0224644004705725,7.082459898810828,19819902,0.014999789712051292,BBDC4.SA,1.0
2016-06-17,7.262444019317627,7.448429796368769,7.178450674438772,7.4094327875174395,23682034,-0.006157854935559759,BBDC4.SA,1.0
2016-06-20,7.382437229156494,7.493428962260659,7.334440385632732,7.4244341907984905,20459210,0.016522428196305894,BBDC4.SA,1.0
2016-06-21,7.4694294929504395,7.499426686621954,7.25044599839428,7.30144222282438,20287401,0.011783678085385496,BBDC4.SA,1.0
2016-06-22,7.454432964324951,7.649418661927353,7.397437944579242,7.484431274309359,19817969,-0.002007720755600073,BBDC4.SA,1.0
2016-06-23,7.699218273162842,7.768744026966996,7.4876174261881605,7.584348764401531,15928201,0.032837549148187595,BBDC4.SA,1.0
2016-06-24,7.5087738037109375,7.5420254260855195,7.357630825377268,7.387859421044002,32914894,-0.02473555920809989,BBDC4.SA,1.0
2016-06-27,7.2125372886657715,7.560166023568828,7.167194095296345,7.514822830199403,33925071,-0.03945204940103031,BBDC4.SA,1.0
2016-06-28,7.390887260437012,7.451344495695465,7.285087377303545,7.402979376053885,20548110,0.024727771189690717,BBDC4.SA,1.0
2016-06-29,7.569231986999512,7.584345451107641,7.433203010103858,7.487614155152262,21027978,0.02413035408037789,BBDC4.SA,1.0
2016-06-30,7.611550331115723,7.747578161447147,7.496681456940539,7.52993251864249,38885892,0.005590837245957658,BBDC4.SA,1.0
2016-07-01,7.7445597648620605,7.780833872026057,7.542028590346436,7.641782385047427,24447928,0.017474683600606333,BBDC4.SA,1.0
2016-07-04,7.777526378631592,7.8743294072305385,7.768451129547345,7.807777394762572,7497954,0.004256744704728588,BBDC4.SA,1.0
2016-07-05,7.774498462677002,7.828949934737735,7.635343957343692,7.744246901465157,10983227,-0.0003893160636405657,BBDC4.SA,1.0
2016-07-06,7.774498462677002,7.801724198707369,7.568791414758025,7.69887067474788,14151937,0.0,BBDC4.SA,1.0
2016-07-07,7.804749488830566,7.919703534308029,7.720046449262932,7.7684485047588865,15144527,0.003891058220512944,BBDC4.SA,1.0
2016-07-08,8.019529342651367,8.028604586521595,7.822898129546192,7.865249639307354,21797350,0.02751912205871232,BBDC4.SA,1.0
2016-07-11,8.110285758972168,8.134485674433906,7.937854949478242,8.046757914358173,13592639,0.01131692552555652,BBDC4.SA,1.0
2016-07-12,8.043733596801758,8.213138588816342,8.010457317539762,8.167762351232145,22926189,-0.008205896086557196,BBDC4.SA,1.0
2016-07-13,8.222209930419922,8.222209930419922,7.9802030732345814,8.022554022344465,19348151,0.022188245230936987,BBDC4.SA,1.0
2016-07-14,8.561023712158203,8.564048422334366,8.319015675250409,8.319015675250409,39439972,0.04120714316533847,BBDC4.SA,1.0
2016-07-15,8.561023712158203,8.651776168448363,8.488421189575812,8.561023712158203,18994483,0.0,BBDC4.SA,1.0
2016-07-18,8.739506721496582,8.772783004524081,8.53682542728484,8.5489259445267,24600024,0.020848325543696422,BBDC4.SA,1.0
2016-07-19,8.706232070922852,8.745558338651422,8.630604804537294,8.715307320587097,14239871,-0.003807383143477061,BBDC4.SA,1.0
2016-07-20,8.781856536865234,8.818157523946212,8.609426290680261,8.742530281677398,18119783,0.00868624513180083,BBDC4.SA,1.0
2016-07-21,8.71530532836914,8.824208856996524,8.570100809382758,8.772782082287684,23175496,-0.007578261864870983,BBDC4.SA,1.0
2016-07-22,8.772780418395996,8.833282429219455,8.642701150880587,8.715303675378793,13327292,0.0065947305184785865,BBDC4.SA,1.0
2016-07-25,8.745553016662598,8.851431236681714,8.654800017696141,8.815130260115199,12337988,-0.0031036228464471627,BBDC4.SA,1.0
2016-07-26,8.675979614257812,8.796983666450922,8.654803849368976,8.742531619943856,11948373,-0.007955289079173089,BBDC4.SA,1.0
2016-07-27,8.706232070922852,8.848411911580232,8.67295578378694,8.703206801851266,20073847,0.003486921132839438,BBDC4.SA,1.0
2016-07-28,8.31901741027832,8.651777972877362,8.23733962503206,8.621526961954688,46027280,-0.04447557307112848,BBDC4.SA,1.0
2016-07-29,8.579174041748047,8.621525001368628,8.2887645144413,8.303890295238135,23099544,0.03127251917375462,BBDC4.SA,1.0
2016-08-01,8.591276168823242,8.766731702092374,8.570100962435914,8.60640195344321,13228342,0.0014106401171376515,BBDC4.SA,1.0
2016-08-02,8.485015869140625,8.666642707410297,8.345768310310797,8.524368415856747,27382599,-0.012368395287794764,BBDC4.SA,1.0
2016-08-03,8.681779861450195,8.69086117678418,8.415393309832584,8.445664546920256,17367417,0.02318958447976338,BBDC4.SA,1.0
2016-08-04,8.77562141418457,8.854326523964078,8.702970329033027,8.718105669564533,19956151,0.01080902237006276,BBDC4.SA,1.0
2016-08-05,8.830103874206543,8.866429115460594,8.66361244122833,8.79377863295249,14449366,0.006208387697070661,BBDC4.SA,1.0
2016-08-08,8.74232292175293,8.830109347815853,8.70599765798157,8.766540136215971,10702998,-0.009941100773460776,BBDC4.SA,1.0
2016-08-09,8.69691276550293,8.830105716505518,8.654532936582573,8.769563263168715,12220485,-0.005194289510515482,BBDC4.SA,1.0
2016-08-10,8.572798728942871,8.769561381097972,8.44263253799653,8.718100251013672,17840134,-0.014271045359034562,BBDC4.SA,1.0
2016-08-11,8.827080726623535,8.833134192059854,8.51528708619125,8.58188357483698,18687198,0.029661491622587022,BBDC4.SA,1.0
2016-08-12,8.839190483093262,8.930003640665522,8.76351210788546,8.77562127279268,14100143,0.0013718869063021888,BBDC4.SA,1.0
2016-08-15,8.969354629516602,9.011734464966478,8.830107076972483,8.86643233140206,10584336,0.014725799457801614,BBDC4.SA,1.0
2016-08-16,8.833128929138184,8.954213787566516,8.799830983616317,8.9209152841219,23168345,-0.015187904370524308,BBDC4.SA,1.0
2016-08-17,8.933028221130371,8.933028221130371,8.696912981993066,8.805888731204451,18498962,0.011309615516042815,BBDC4.SA,1.0
2016-08-18,8.95724868774414,8.996601244380548,8.833136435015025,8.899733498494502,14335149,0.0027113388667550087,BBDC4.SA,1.0
2016-08-19,8.905780792236328,8.942106027731823,8.766533312273245,8.914862101110202,13751500,-0.0057459491526939965,BBDC4.SA,1.0
2016-08-22,8.666644096374512,8.899732681303584,8.633346125615482,8.869460885830184,11787966,-0.026851850662020005,BBDC4.SA,1.0
2016-08-23,8.572798728942871,8.827077089970336,8.566744708077657,8.748371471185445,23305561,-0.010828339826588596,BBDC4.SA,1.0
2016-08-24,8.512259483337402,8.593991864268475,8.421446346661835,8.536476691732927,13735653,-0.007061783149192591,BBDC4.SA,1.0
2016-08-25,8.551612854003906,8.627290661179558,8.481989070549984,8.53647751573802,12534341,0.0046231403945729,BBDC4.SA,1.0
2016-08-26,8.669675827026367,8.814977506918842,8.515292827010828,8.61216061360581,22092074,0.013805930534750877,BBDC4.SA,1.0
2016-08-29,8.827080726623535,8.88459534334554,8.618208830839544,8.702968505409636,11415939,0.018155799909667092,BBDC4.SA,1.0
2016-08-30,8.85431957244873,8.896699385341725,8.751397329115102,8.869454343174747,9759497,0.003085827202535807,BBDC4.SA,1.0
2016-08-31,8.796806335449219,9.011732191053877,8.696911910974048,8.857348782837327,26165247,-0.0064955004762276,BBDC4.SA,1.0
2016-09-01,8.70902156829834,8.848269111515425,8.660587712995401,8.833133217901556,23760691,-0.009979163323981077,BBDC4.SA,1.0
2016-09-02,8.96315860748291,8.996478551031379,8.769294732319738,8.787469348490056,22081638,0.02918089445428107,BBDC4.SA,1.0
2016-09-05,8.993450164794922,9.081294518508313,8.890459924832264,8.996478895411688,7757697,0.003379562790144508,BBDC4.SA,1.0
2016-09-06,9.087349891662598,9.087349891662598,8.91468997574125,9.054029400297802,12818242,0.010440901450174067,BBDC4.SA,1.0
2016-09-08,9.208517074584961,9.22669169081887,8.960129350041742,9.051002989502628,26499009,0.013333610388825301,BBDC4.SA,1.0
2016-09-09,8.699625968933105,9.084323915104502,8.684480639864882,9.05706198780686,25256339,-0.055263089760279493,BBDC4.SA,1.0
2016-09-12,8.729915618896484,8.732944348998133,8.557255671451959,8.657216605505432,21173117,0.0034817186476228112,BBDC4.SA,1.0
2016-09-13,8.366422653198242,8.614809815077788,8.281607034544548,8.587547891206812,31728657,-0.041637626475041434,BBDC4.SA,1.0
2016-09-14,8.436090469360352,8.526963528280076,8.360362175872313,8.448206505022181,21088662,0.008327073475719926,BBDC4.SA,1.0
2016-09-15,8.666298866271973,8.714764660882102,8.426999179850375,8.44820251138092,21344153,0.027288516848856803,BBDC4.SA,1.0
2016-09-16,8.50879192352295,8.651160696629308,8.41488898506545,8.608752881952283,29287188,-0.018174649314486313,BBDC4.SA,1.0
2016-09-19,8.554228782653809,8.714772179852877,8.469413708481682,8.645102435311287,15799876,0.005339989453173377,BBDC4.SA,1.0
2016-09-20,8.648130416870117,8.696596245967303,8.584518702141184,8.617839203897958,14812118,0.01097721800552276,BBDC4.SA,1.0
2016-09-21,8.817757606506348,8.832903486141156,8.557253389749473,8.75111662937898,27672877,0.019614319102465805,BBDC4.SA,1.0
2016-09-22,8.987396240234375,9.026775341554588,8.88137721476323,8.91166900294544,16932580,0.01923829632182872,BBDC4.SA,1.0
2016-09-23,9.00556755065918,9.017684708103841,8.878345213570407,8.95710227062918,18691063,0.00202186594861109,BBDC4.SA,1.0
2016-09-26,8.893487930297852,8.92983715650243,8.854108857521236,8.893487930297852,8892720,-0.012445592099647795,BBDC4.SA,1.0
2016-09-27,9.078265190124512,9.087352497959166,8.823818895880251,8.935895878604752,23310199,0.02077669203296173,BBDC4.SA,1.0
2016-09-28,9.132790565490723,9.16308178277253,8.981335037373103,9.09947005899331,18221052,0.006006144811183223,BBDC4.SA,1.0
2016-09-29,8.981335639953613,9.178227728058223,8.926810663580163,9.090383359534707,21240951,-0.01658364159903092,BBDC4.SA,1.0
2016-09-30,8.987396240234375,9.10250313713517,8.923785048268346,8.978308927096371,18724884,0.0006747994422791059,BBDC4.SA,1.0
2016-10-03,9.21894359588623,9.246795825188615,8.974467162529992,9.005413640357226,17791046,0.02576356371328936,BBDC4.SA,1.0
2016-10-04,9.351780891418457,9.37655408097424,9.203143466279508,9.22791665583529,41553670,0.014409166750027902,BBDC4.SA,1.0
2016-10-05,9.426095008850098,9.506606977122223,9.357969058210898,9.382742234939991,16715161,0.007946520378790511,BBDC4.SA,1.0
2016-10-06,9.426095008850098,9.469447782760202,9.351776049394434,9.429191798624139,21767782,0.0,BBDC4.SA,1.0
2016-10-07,9.559253692626953,9.559253692626953,9.392036104062102,9.509707888427112,18620330,0.014126601063519262,BBDC4.SA,1.0
2016-10-10,9.556157112121582,9.673828899079993,9.522094121288275,9.599509335044479,13712268,-0.00032393538292219137,BBDC4.SA,1.0
2016-10-11,9.52209758758545,9.543773992303626,9.429199525553386,9.475648556569418,15691456,-0.0035641444711002057,BBDC4.SA,1.0
2016-10-13,9.534485816955566,9.590225234441009,9.333205696904049,9.41681453776612,27578566,0.0013009979425404605,BBDC4.SA,1.0
2016-10-14,9.611899375915527,9.69550819705859,9.59331976471308,9.608802583804435,19806374,0.008119321843480298,BBDC4.SA,1.0
2016-10-17,9.803889274597168,9.803889274597168,9.571643559039016,9.639768421033294,24571422,0.019974189405551623,BBDC4.SA,1.0
2016-10-18,10.04232406616211,10.094967226576143,9.763628876022496,9.800788082512629,29082718,0.024320428850900022,BBDC4.SA,1.0
2016-10-19,9.971104621887207,10.135225437619434,9.940138990203021,9.995877812112873,17068635,-0.0070919285023750556,BBDC4.SA,1.0
2016-10-20,10.116647720336914,10.141419773726701,9.828662041137918,9.847241651912297,21212542,0.014596486945912757,BBDC4.SA,1.0
2016-10-21,10.020652770996094,10.110454031901357,9.995879576397929,10.045424824130196,12218939,-0.009488810127078695,BBDC4.SA,1.0
2016-10-24,9.924649238586426,10.122832361758725,9.868910449218568,10.063997924200871,15456837,-0.009580566715927108,BBDC4.SA,1.0
2016-10-25,9.878206253051758,9.9525246797647,9.741954282126263,9.865819087623718,19167645,-0.004679559389776822,BBDC4.SA,1.0
2016-10-26,9.837949752807617,9.940138155122666,9.772920561977354,9.791500167719748,21969739,-0.004075284440604121,BBDC4.SA,1.0
2016-10-27,10.00207233428955,10.094970379529652,9.831757919641401,9.831757919641401,17341907,0.016682600095115907,BBDC4.SA,1.0
2016-10-28,10.039225578308105,10.091867582374304,9.909167250902263,9.95252002670421,13992304,0.003714554621964128,BBDC4.SA,1.0
2016-10-31,10.355087280273438,10.373666891533063,10.110454400313575,10.110454400313575,24715788,0.03146275571771384,BBDC4.SA,1.0
2016-11-01,10.051623344421387,10.404638401782075,9.971111278536535,10.373671607960794,19360133,-0.029305782523934232,BBDC4.SA,1.0
2016-11-03,9.812721252441406,10.193827745307932,9.784834965790036,9.99862716514333,22071008,-0.023767513345251845,BBDC4.SA,1.0
2016-11-04,9.812721252441406,9.964544814227391,9.65780022958897,9.818918458837636,18425909,0.0,BBDC4.SA,1.0
2016-11-07,10.153543472290039,10.206217417930807,9.96763764593011,10.088477403875524,17696734,0.034732691480850564,BBDC4.SA,1.0
2016-11-08,10.147345542907715,10.367334830749165,10.032704138812013,10.150445286576115,13842526,-0.0006104203324917012,BBDC4.SA,1.0
2016-11-09,9.868491172790527,10.156645236256821,9.704274365484606,9.704274365484606,27302589,-0.027480523742693164,BBDC4.SA,1.0
2016-11-10,8.988541603088379,9.995531392077183,8.92967212311673,9.905676442417,77904942,-0.08916758948200221,BBDC4.SA,1.0
2016-11-11,9.004032135009766,9.21782377830366,8.666303778947738,8.954457335689339,58245446,0.00172336432375908,BBDC4.SA,1.0
2016-11-14,9.069093704223633,9.158948013103938,8.883188454185794,8.951353693497483,29182054,0.0072258259675566094,BBDC4.SA,1.0
2016-11-16,9.205428123474121,9.375841559092652,9.047407956177658,9.186837649925295,22315290,0.015032860360346234,BBDC4.SA,1.0
2016-11-17,8.91727352142334,9.357249938551298,8.901781651441398,9.326265627521726,20415340,-0.03130268339350539,BBDC4.SA,1.0
2016-11-18,9.072192192077637,9.131061621930957,8.867695918514965,8.911074054377472,21232255,0.017372874150614726,BBDC4.SA,1.0
2016-11-21,9.124872207641602,9.211627400427114,8.982344432619593,9.171348407728813,20275998,0.0058067570052107165,BBDC4.SA,1.0
2016-11-22,9.186835289001465,9.35414950794283,9.05360283471998,9.289082867243412,21153791,0.006790569769072663,BBDC4.SA,1.0
2016-11-23,9.227119445800781,9.245709925025665,9.093886916601258,9.134167049676368,12491051,0.004384987379445482,BBDC4.SA,1.0
2016-11-24,9.140357971191406,9.23950808970675,9.096980972163694,9.23331145714073,5282794,-0.009402877584819835,BBDC4.SA,1.0
2016-11-25,9.183741569519043,9.193036809424283,8.960654669661439,9.016426680158798,11782362,0.004746378474931978,BBDC4.SA,1.0
2016-11-28,9.298379898071289,9.332462811447122,9.087686926181908,9.186837063893693,12335862,0.01248274765622015,BBDC4.SA,1.0
2016-11-29,9.004032135009766,9.276694387870922,9.004032135009766,9.211626571472438,18552881,-0.03165581168850484,BBDC4.SA,1.0
2016-11-30,9.217819213867188,9.316968763411634,9.121767695138415,9.168244439094964,18859587,0.023743482436737295,BBDC4.SA,1.0
2016-12-01,8.703483581542969,9.07839284461387,8.629121677956052,9.031916654872045,40935234,-0.05579797351096427,BBDC4.SA,1.0
2016-12-02,8.842691421508789,8.904701386576313,8.507834295722867,8.60705149702519,23903704,0.015994496762311572,BBDC4.SA,1.0
2016-12-05,8.796174049377441,8.904692089257715,8.7031583417152,8.882988938442741,13405949,-0.005260544546222601,BBDC4.SA,1.0
2016-12-06,8.985307693481445,9.031815843934838,8.656652801814499,8.703160380816406,21152438,0.021501807836259212,BBDC4.SA,1.0
2016-12-07,8.929499626159668,9.11553110647614,8.84578597432365,9.028716187081168,22511837,-0.006211035751426119,BBDC4.SA,1.0
2016-12-08,8.836483001708984,9.01631364326602,8.802377633746739,8.988409095446503,13693329,-0.010416779029609247,BBDC4.SA,1.0
2016-12-09,8.95430850982666,9.013218336485075,8.848890504210251,9.007017512634864,21613559,0.013333982320215876,BBDC4.SA,1.0
2016-12-12,8.582242012023926,8.889193224144574,8.52643233707826,8.81788121093441,17890382,-0.041551672850496546,BBDC4.SA,1.0
2016-12-13,8.616350173950195,8.811683242313135,8.526435097135955,8.526435097135955,22231608,0.003974271743733437,BBDC4.SA,1.0
2016-12-14,8.514033317565918,8.69696417784086,8.514033317565918,8.631852961220238,25843853,-0.011874732841477553,BBDC4.SA,1.0
2016-12-15,8.541939735412598,8.613251790866562,8.34660718602071,8.495432121617366,20723978,0.003277696575265221,BBDC4.SA,1.0
2016-12-16,8.495430946350098,8.672160997226774,8.486129424877834,8.613250599299993,24946735,-0.005444757338861406,BBDC4.SA,1.0
2016-12-19,8.309392929077148,8.579138556908427,8.278388262518636,8.5109272618672,18388223,-0.0218985968396197,BBDC4.SA,1.0
2016-12-20,8.489228248596191,8.594646237710394,8.37140861372293,8.37450988234031,18498962,0.021642413718304665,BBDC4.SA,1.0
2016-12-21,8.417915344238281,8.58224370526301,8.371407748817461,8.579143008417727,15881432,-0.008400398984407365,BBDC4.SA,1.0
2016-12-22,8.381068229675293,8.456263071859796,8.277675538218336,8.434331218828568,20145547,-0.00437722560232312,BBDC4.SA,1.0
2016-12-23,8.55652141571045,8.631715671115124,8.393599759056476,8.393599759056476,21059866,0.020934465777753708,BBDC4.SA,1.0
2016-12-26,8.713177680969238,8.731976247369536,8.550256002222708,8.550256002222708,4191642,0.018308405676535244,BBDC4.SA,1.0
2016-12-27,8.628584861755371,8.79777255112163,8.572189157785955,8.772707986287893,11211082,-0.009708607159317983,BBDC4.SA,1.0
2016-12-28,8.938762664794922,8.960693941738777,8.653649712486922,8.672448279843364,13852383,0.03594770266609504,BBDC4.SA,1.0
2016-12-29,9.086015701293945,9.086015701293945,8.810302117410144,8.973223754366126,13093446,0.01647353688883313,BBDC4.SA,1.0
2017-01-02,9.023355484008789,9.023355484008789,8.929362077413293,9.013956201095034,5198726,-0.006896336011859683,BBDC4.SA,1.0
2017-01-03,9.40553092956543,9.430612029492307,9.060661038399461,9.092012846687277,26106302,0.04235402741629013,BBDC4.SA,1.0
2017-01-04,9.345959663391113,9.436879710473882,9.298932252085821,9.324013923341182,15809152,-0.0063336420474743305,BBDC4.SA,1.0
2017-01-05,9.449416160583496,9.521525209678003,9.270711502722245,9.352226029712684,17786601,0.011069649444094054,BBDC4.SA,1.0
2017-01-06,9.508992195129395,9.508992195129395,9.377314818524686,9.455694058022033,10221778,0.006304731798606689,BBDC4.SA,1.0
2017-01-09,9.521531105041504,9.559153039919279,9.383583047424837,9.443151881433176,13939737,0.0013186371021034482,BBDC4.SA,1.0
2017-01-10,9.521531105041504,9.612451166222058,9.458827495019282,9.562288393772059,12783841,0.0,BBDC4.SA,1.0
2017-01-11,9.593629837036133,9.612440784157968,9.452547155784094,9.577954240380693,10811031,0.007572178381736627,BBDC4.SA,1.0
2017-01-12,9.819369316101074,9.92283018250932,9.781747392984881,9.82877537471884,31209751,0.023530142698801715,BBDC4.SA,1.0
2017-01-13,9.740983963012695,9.904012963972294,9.681416340937094,9.819363112600703,17513909,-0.007982727868260153,BBDC4.SA,1.0
2017-01-16,9.759803771972656,9.809967120422808,9.656343454851124,9.750398866436846,9275571,0.0019320234004511772,BBDC4.SA,1.0
2017-01-17,10.03883171081543,10.079588983760894,9.71590887989019,9.737854037004812,15900758,0.028589502961531066,BBDC4.SA,1.0
2017-01-18,9.938502311706543,10.0607740826472,9.882068297674785,10.038827778451935,12131585,-0.009994130990441441,BBDC4.SA,1.0
2017-01-19,9.929099082946777,9.991802661965485,9.831908939954808,9.916558829413924,13241870,-0.0009461414270326429,BBDC4.SA,1.0
2017-01-20,9.882071495056152,10.004343305558313,9.797422757973884,9.982398149939504,20708903,-0.004736339873110396,BBDC4.SA,1.0
2017-01-23,10.107807159423828,10.15169863435708,9.8413160227619,9.853857434752097,20906996,0.022842949930144574,BBDC4.SA,1.0
2017-01-24,10.070181846618652,10.151696383773624,9.957316097793564,10.095263509361079,13328258,-0.0037224011312974037,BBDC4.SA,1.0
2017-01-26,10.295916557312012,10.374295757826532,10.120347194386584,10.242619024551823,19825120,0.022416150386515232,BBDC4.SA,1.0
2017-01-27,10.327265739440918,10.386833959650405,10.208129299021943,10.255156111391267,11795697,0.00304481703541426,BBDC4.SA,1.0
2017-01-30,10.145434379577637,10.30532706481335,10.016891773648553,10.239489240209844,14959962,-0.01760692175944001,BBDC4.SA,1.0
2017-01-31,10.252025604248047,10.289647529952404,10.041967348430774,10.161104987397922,11291672,0.010506324390109345,BBDC4.SA,1.0
2017-02-01,10.167373657226562,10.484026956552693,10.157968754453856,10.346079522359512,26636611,-0.008257094772218254,BBDC4.SA,1.0
2017-02-02,9.787474632263184,9.859626501692919,9.633761640221625,9.731008705983882,50476346,-0.03736451887881209,BBDC4.SA,1.0
2017-02-03,10.025887489318848,10.09803819693286,9.718460372153151,9.724733592584371,25759592,0.024358975733103305,BBDC4.SA,1.0
2017-02-06,9.81884479522705,10.1074499435725,9.765514904303252,10.057257241097632,23888823,-0.020650809647761448,BBDC4.SA,1.0
2017-02-07,9.803156852722168,9.994513722949945,9.696498261572629,9.966281348708414,20375914,-0.0015977381078993158,BBDC4.SA,1.0
2017-02-08,9.985108375549316,9.985108375549316,9.724735562468526,9.815709418866243,14294564,0.01856050306658341,BBDC4.SA,1.0
2017-02-09,10.044711112976074,10.104314233162343,9.890996950971557,9.988245181697637,18701306,0.005969162795739669,BBDC4.SA,1.0
2017-02-10,10.195281982421875,10.258022253955005,10.019608759587715,10.035293538382623,22402451,0.014990064696961625,BBDC4.SA,1.0
2017-02-13,10.223519325256348,10.27057484088032,10.054120394093289,10.258027243012487,17255519,0.002769648047318052,BBDC4.SA,1.0
2017-02-14,10.160776138305664,10.217242047209886,10.05411753947298,10.210967671880397,15699187,-0.006137141717498573,BBDC4.SA,1.0
2017-02-15,10.38036823272705,10.421149366252738,10.207833290462792,10.210969322280686,24390143,0.021611744165244806,BBDC4.SA,1.0
2017-02-16,10.34586238861084,10.524671722999392,10.273710523353273,10.34899957705952,20673537,-0.003324144514201488,BBDC4.SA,1.0
2017-02-17,10.323901176452637,10.3552707420043,10.160776660334898,10.264298076821447,10117417,-0.0021227048392195025,BBDC4.SA,1.0
2017-02-20,10.364686965942383,10.411742491782087,10.29880946103766,10.358413743823583,7602702,0.003950617968212722,BBDC4.SA,1.0
2017-02-21,10.656423568725586,10.681519912587373,10.392914849061018,10.392914849061018,16403237,0.028147169687017914,BBDC4.SA,1.0
2017-02-22,10.72544002532959,10.775631565123234,10.574863093240912,10.640740573301825,19062125,0.006476512139265367,BBDC4.SA,1.0
2017-02-23,10.562312126159668,10.832095209584109,10.455654692831036,10.788178055106593,24054641,-0.015209436515860708,BBDC4.SA,1.0
2017-02-24,10.483894348144531,10.606237803423314,10.352140480496692,10.408606423774337,12713108,-0.007424300387878113,BBDC4.SA,1.0
2017-03-01,10.38978385925293,10.565456058370147,10.361550311022318,10.518401686458287,10137129,-0.008976672767429972,BBDC4.SA,1.0
2017-03-02,10.358075141906738,10.427128251121912,10.248216344949851,10.370629937122947,18873309,-0.003051913088447211,BBDC4.SA,1.0
2017-03-03,10.602898597717285,10.631147166274415,10.37690426417555,10.38632006802228,13436484,0.023635999204141722,BBDC4.SA,1.0
2017-03-06,10.499314308166504,10.665671305085166,10.439677046990301,10.587200128469219,9644313,-0.009769431311271948,BBDC4.SA,1.0
2017-03-07,10.358075141906738,10.543265024195577,10.33924237057375,10.543265024195577,18266275,-0.013452227651657989,BBDC4.SA,1.0
2017-03-08,10.182299613952637,10.358073664003994,10.091274758333622,10.358073664003994,13215587,-0.016969902761464706,BBDC4.SA,1.0
2017-03-09,10.091269493103027,10.238793734704545,10.02221527275305,10.075575720256033,20693056,-0.008940035581438965,BBDC4.SA,1.0
2017-03-10,10.034770011901855,10.358068210305131,9.971994920812442,10.179155266843962,22677269,-0.00559884772077357,BBDC4.SA,1.0
2017-03-13,10.160323143005371,10.23565418263316,10.044187597409756,10.053603398854909,11704478,0.01251180953371156,BBDC4.SA,1.0
2017-03-14,10.075578689575195,10.241934582005687,10.059883755086256,10.088133480149429,12045777,-0.00834072423065757,BBDC4.SA,1.0
2017-03-15,10.254483222961426,10.332953211426164,9.990823552632827,10.125791793950246,19100197,0.0177562538984819,BBDC4.SA,1.0
2017-03-16,10.207408905029297,10.307850709184269,10.025358062684846,10.263908359942793,13849290,-0.004590608508356797,BBDC4.SA,1.0
2017-03-17,9.893528938293457,10.323545942976262,9.887252120098323,10.320408112387282,31875342,-0.030750209936352024,BBDC4.SA,1.0
2017-03-20,10.069303512573242,10.116384858066358,9.767976884927661,9.85586391440906,21741305,0.017766620522980503,BBDC4.SA,1.0
2017-03-21,9.771111488342285,10.075576967142077,9.683225076804655,10.075576967142077,24866725,-0.029613967228082183,BBDC4.SA,1.0
2017-03-22,9.808775901794434,9.96257694182956,9.68008443281485,9.73030473194239,15341460,0.0038546703204733745,BBDC4.SA,1.0
2017-03-23,9.818197250366211,9.906084269778656,9.670672941214493,9.698922670887667,13128426,0.0009605019694713945,BBDC4.SA,1.0
2017-03-24,9.95944595336914,9.990834677917576,9.793088837209359,9.85586512928885,11653070,0.014386419359996072,BBDC4.SA,1.0
2017-03-27,10.044193267822266,10.05674921952641,9.81192088848587,9.906085898197762,8985099,0.00850923985630514,BBDC4.SA,1.0
2017-03-28,10.100689888000488,10.12893961758688,9.802503440220152,10.028497805859972,16014009,0.005624804170108577,BBDC4.SA,1.0
2017-03-29,10.310988426208496,10.383181651030752,10.019078854176145,10.022217840953228,18390156,0.020820215306069256,BBDC4.SA,1.0
2017-03-30,10.245075225830078,10.417710276993171,10.150911388752002,10.414571289587718,18144134,-0.0063925200624684875,BBDC4.SA,1.0
2017-03-31,10.163459777832031,10.310983993820436,10.11010049660985,10.197986303504246,13043005,-0.007966310270936416,BBDC4.SA,1.0
2017-04-03,10.213683128356934,10.27959720652055,10.106963389067541,10.138352092160465,10093452,0.004941560415720581,BBDC4.SA,1.0
2017-04-04,10.29188060760498,10.332708935506561,10.144271389570122,10.175677261328822,11639349,0.0076561489391562265,BBDC4.SA,1.0
2017-04-05,10.081456184387207,10.342129028102978,9.984095457262987,10.342129028102978,16092473,-0.020445672782317792,BBDC4.SA,1.0
2017-04-06,9.974676132202148,10.100301930737896,9.849050333666403,10.002941184372839,17316590,-0.01059172903517902,BBDC4.SA,1.0
2017-04-07,9.996660232543945,10.137988959796642,9.930706517774812,9.952691089364523,11775404,0.002203991392845772,BBDC4.SA,1.0
2017-04-10,10.059471130371094,10.119144360907063,9.918142414930799,9.996659397012678,34252842,0.006283188221469116,BBDC4.SA,1.0
2017-04-11,10.084596633911133,10.172534913927882,9.84276752155702,10.097159906880352,21709610,0.0024976962719422957,BBDC4.SA,1.0
2017-04-12,9.984102249145508,10.125432208979577,9.94013308266726,10.065758941835783,25369204,-0.009965136773809613,BBDC4.SA,1.0
2017-04-13,9.679455757141113,9.984097809187881,9.679455757141113,9.93698900121859,24990992,-0.030513158259218298,BBDC4.SA,1.0
2017-04-17,10.11286449432373,10.159974460279079,9.735987082065202,9.767394111932813,25084530,0.04477614734308433,BBDC4.SA,1.0
2017-04-18,10.053190231323242,10.247909375053691,9.955830659458018,10.065752345931314,18618977,-0.005900826915458346,BBDC4.SA,1.0
2017-04-19,9.952692031860352,10.172536610884183,9.886738310845562,10.144271557372228,13631872,-0.009996647546742232,BBDC4.SA,1.0
2017-04-20,9.77995777130127,10.04691235765293,9.704582740041799,10.02178696133567,23396007,-0.017355531549266168,BBDC4.SA,1.0
2017-04-24,9.958971977233887,10.100301867977478,9.8930194174507,9.98409736832333,25987833,0.01830419007103745,BBDC4.SA,1.0
2017-04-25,10.050047874450684,10.081454892699846,9.84590630775209,9.893016256279981,15305513,0.009145110301042703,BBDC4.SA,1.0
2017-04-26,10.219647407531738,10.323287489087791,9.955833659724895,9.987239534555416,32025120,0.016875495042387945,BBDC4.SA,1.0
2017-04-27,10.51800537109375,10.602802833926551,10.342129966557092,10.36411453683567,42093642,0.029194545727881493,BBDC4.SA,1.0
2017-04-28,10.492875099182129,10.51485965922916,10.364109713411143,10.489735440053769,20841867,-0.0023892621295560357,BBDC4.SA,1.0
2017-05-02,10.775222778320312,10.875408263455972,10.585213149085568,10.66812587352115,21791254,0.026908514250797877,BBDC4.SA,1.0
2017-05-03,10.767961502075195,10.81635586369762,10.595120524633133,10.761048187328742,21376797,-0.0006738864146481616,BBDC4.SA,1.0
2017-05-04,10.608945846557617,10.788700096963678,10.567463650926614,10.709192362271425,20653121,-0.014767479943806672,BBDC4.SA,1.0
2017-05-05,10.622771263122559,10.702277830363684,10.567462447511067,10.626229077695513,10338068,0.0013031847617006598,BBDC4.SA,1.0
2017-05-08,10.615856170654297,10.743758219707479,10.546720741931303,10.608942859461328,11538923,-0.0006509687817780607,BBDC4.SA,1.0
2017-05-09,10.709186553955078,10.795607554914886,10.62968002078157,10.719557676436354,11304901,0.008791602090350237,BBDC4.SA,1.0
2017-05-10,10.868204116821289,10.920056269964805,10.792154214984352,10.819808619434447,14828053,0.014848706021232116,BBDC4.SA,1.0
2017-05-11,10.933883666992188,10.954624761397179,10.81980938535991,10.854377103770373,13937646,0.00604327536223237,BBDC4.SA,1.0
2017-05-12,11.044501304626465,11.124009026331475,10.989192491750899,10.999563618163059,18794827,0.010116957615729616,BBDC4.SA,1.0
2017-05-15,11.061783790588379,11.113635938306654,10.930425093595183,11.113635938306654,16892258,0.0015648045561527102,BBDC4.SA,1.0
2017-05-16,11.079066276550293,11.113633982814612,10.964990876604197,11.10326401845423,11598131,0.0015623597684686352,BBDC4.SA,1.0
2017-05-17,10.861292839050293,11.054874885491511,10.726477432934182,10.97536830453088,17191110,-0.01965629883097053,BBDC4.SA,1.0
2017-05-18,9.437082290649414,9.886466499691974,8.82868444131424,8.82868444131424,90429550,-0.13112716593740337,BBDC4.SA,1.0
2017-05-19,9.592643737792969,9.883015038321968,9.585729845800191,9.744742990451016,42561914,0.01648406174201633,BBDC4.SA,1.0
2017-05-22,9.31955337524414,9.520048096289353,9.146713058536312,9.461282631871997,36396003,-0.02846872770568043,BBDC4.SA,1.0
2017-05-23,9.3817777633667,9.540790906528953,9.319555052808028,9.35066669768659,25250278,0.006676756451424737,BBDC4.SA,1.0
2017-05-24,9.488936424255371,9.741283861156898,9.471652567458753,9.544245808561515,20439480,0.01142199949641709,BBDC4.SA,1.0
2017-05-25,9.423257827758789,9.6272092077206,9.284985803919996,9.564987086592321,19232124,-0.006921597274979763,BBDC4.SA,1.0
2017-05-26,9.641042709350586,9.706722104441303,9.437091208383986,9.502770024276003,16851673,0.02311142129107968,BBDC4.SA,1.0
2017-05-29,9.641042709350586,9.641042709350586,9.641042709350586,9.641042709350586,0,0.0,BBDC4.SA,1.0
2017-05-30,9.696341514587402,9.70671205659276,9.540785122101338,9.540785122101338,11403113,0.005735770175894217,BBDC4.SA,1.0
2017-05-31,9.513137817382812,9.737829186572663,9.513137817382812,9.675607050366013,19832991,-0.018894105259078753,BBDC4.SA,1.0
2017-06-01,9.46127986907959,9.599552429587831,9.38177333502676,9.56152748992802,12689530,-0.005451192792399695,BBDC4.SA,1.0
2017-06-02,9.32948112487793,9.557788594204311,9.253378441902358,9.53357405147569,23255295,-0.01393032930273963,BBDC4.SA,1.0
2017-06-05,9.322559356689453,9.409039755072165,9.218783110470257,9.25337538574337,9915178,-0.0007419242394970382,BBDC4.SA,1.0
2017-06-06,9.447091102600098,9.526652819126127,9.312182205812512,9.322559947011598,11464605,0.013358107054720625,BBDC4.SA,1.0
2017-06-07,9.599298477172852,9.616594328752539,9.492063154098311,9.599298477172852,11706357,0.016111559941542453,BBDC4.SA,1.0
2017-06-08,9.454010963439941,9.547409486624728,9.360612440255155,9.547409486624728,13345212,-0.015135222024651451,BBDC4.SA,1.0
2017-06-09,9.260293960571289,9.51281648157409,9.253375852927471,9.51281648157409,14258284,-0.020490456761451226,BBDC4.SA,1.0
2017-06-12,9.111549377441406,9.274131882022704,8.969722357513154,9.249917922727807,29742722,-0.016062620016514706,BBDC4.SA,1.0
2017-06-13,9.038901329040527,9.218780175839328,9.0285241714021,9.146137174370555,28608455,-0.007973182758658215,BBDC4.SA,1.0
2017-06-14,9.388285636901855,9.436714713394718,9.173815006033855,9.173815006033855,44258571,0.03865340434006215,BBDC4.SA,1.0
2017-06-15,9.388285636901855,9.388285636901855,9.388285636901855,9.388285636901855,0,0.0,BBDC4.SA,1.0
2017-06-16,9.34331226348877,9.367526211948325,9.236076993167941,9.329475473111888,24328949,-0.004790371229898671,BBDC4.SA,1.0
2017-06-19,9.36752700805664,9.474762867090995,9.291424944316175,9.31563947443361,8123295,0.002591665983646463,BBDC4.SA,1.0
2017-06-20,9.149596214294434,9.388281272448207,9.132300371987625,9.305260533855579,17963452,-0.023264495909621985,BBDC4.SA,1.0
2017-06-21,9.097710609436035,9.267211174972836,9.038903226208838,9.211863424617876,14099458,-0.005670808158434126,BBDC4.SA,1.0
2017-06-22,9.21186637878418,9.225703755510507,9.04236575888999,9.115009378502013,9682737,0.01254774681772619,BBDC4.SA,1.0
2017-06-23,9.135758399963379,9.267208177793066,9.108084823536066,9.177269344204241,6094755,-0.008261949934063817,BBDC4.SA,1.0
2017-06-26,9.547409057617188,9.571623595799297,9.218784424289042,9.236080854190677,25899987,0.04505927582930158,BBDC4.SA,1.0
2017-06-27,9.44017219543457,9.592377507864649,9.38828407343342,9.526652012369736,24657493,-0.011232038088601737,BBDC4.SA,1.0
2017-06-28,9.519737243652344,9.550869894035255,9.339857711705607,9.502440811572683,13164777,0.008428347128694558,BBDC4.SA,1.0
2017-06-29,9.564702987670898,9.61313205137761,9.391742791061308,9.578539780215664,11493770,0.004723422807550337,BBDC4.SA,1.0
2017-06-30,9.737665176391602,9.768797819233294,9.561244741754772,9.620051553300382,14842635,0.018083383137317943,BBDC4.SA,1.0
2017-07-03,9.821159362792969,9.87339960941634,9.720161397045533,9.793297975731626,12965191,0.00857435379928595,BBDC4.SA,1.0
2017-07-04,9.834739685058594,9.869590736495752,9.754584135316977,9.758069590816413,5349821,0.0013827616235486673,BBDC4.SA,1.0
2017-07-05,9.838228225708008,9.883533908761207,9.674432193565325,9.859138630798164,13830649,0.00035471611462312147,BBDC4.SA,1.0
2017-07-06,9.69533920288086,9.859135177654306,9.674428805114532,9.820800421626396,14871097,-0.01452385729920036,BBDC4.SA,1.0
2017-07-07,9.705795288085938,9.785951435714889,9.55942481725409,9.737160889486736,21390325,0.0010784651249717836,BBDC4.SA,1.0
2017-07-10,9.81383228302002,9.855651917538337,9.691855915981964,9.744131335019327,21645430,0.011131184176808251,BBDC4.SA,1.0
2017-07-11,9.984596252441406,10.008991521508317,9.765039998691613,9.813830536825437,11721994,0.01740033500642202,BBDC4.SA,1.0
2017-07-12,10.24946117401123,10.27734132284419,10.026418815494797,10.106575557223906,29220214,0.026527354223768507,BBDC4.SA,1.0
2017-07-13,10.340068817138672,10.413254627731163,10.25294351949188,10.273853917925802,24366723,0.008840234778115796,BBDC4.SA,1.0
2017-07-14,10.350522994995117,10.42370879423705,10.298247590944062,10.413253012715467,17851712,0.0010110356170083268,BBDC4.SA,1.0
2017-07-17,10.2808256149292,10.343556822150621,10.211124662856294,10.343556822150621,12200755,-0.006733706122832528,BBDC4.SA,1.0
2017-07-18,10.40976619720459,10.40976619720459,10.169299617053428,10.270365535055815,13595574,0.01254185092762894,BBDC4.SA,1.0
2017-07-19,10.2808256149292,10.451592538759375,10.228550192837693,10.409771733945094,20218811,-0.01238650127512142,BBDC4.SA,1.0
2017-07-20,10.245980262756348,10.40977634645949,10.24249422093327,10.284315044278127,16250455,-0.003389353489495206,BBDC4.SA,1.0
2017-07-21,10.204154968261719,10.294766323188039,10.148394673469845,10.245975773281973,11725859,-0.004082117417955833,BBDC4.SA,1.0
2017-07-24,10.291276931762695,10.308702456155675,10.183241249801311,10.27385257522203,10448754,0.00853789106221492,BBDC4.SA,1.0
2017-07-25,10.458560943603516,10.479470175478962,10.315675353191926,10.333099713088133,29064024,0.01625493249768839,BBDC4.SA,1.0
2017-07-26,10.367949485778809,10.556140745539048,10.322644982698446,10.462045699585191,25062815,-0.008663855219978922,BBDC4.SA,1.0
2017-07-27,10.354012489318848,10.46553308966147,10.25643138009265,10.455078471324152,16651209,-0.0013442384609491098,BBDC4.SA,1.0
2017-07-28,10.367949485778809,10.388859885274952,10.263398656150617,10.294764839321097,9378438,0.0013460478702664869,BBDC4.SA,1.0
2017-07-31,10.521296501159668,10.52478137496931,10.32613539284761,10.39932007855641,16801250,0.01479048635327529,BBDC4.SA,1.0
2017-08-01,10.650239944458008,10.688574714401863,10.49689852897688,10.52129380725128,19170105,0.012255470918828948,BBDC4.SA,1.0
2017-08-02,10.796347618103027,10.845168503210092,10.608039324532063,10.632449767085594,22867895,0.013718721306466675,BBDC4.SA,1.0
2017-08-03,10.792854309082031,10.862598557086926,10.733572340995837,10.747521658028065,11301914,-0.00032356396297750223,BBDC4.SA,1.0
2017-08-04,10.803311347961426,10.848645150504295,10.757978713996236,10.792850240564308,12293344,0.0009688853921241414,BBDC4.SA,1.0
2017-08-07,10.928853988647461,10.956751452574762,10.782392595173649,10.81029005910095,13046536,0.011620755585251663,BBDC4.SA,1.0
2017-08-08,11.04393482208252,11.190396252320824,10.883524072090005,10.907934505226113,23748990,0.010530000085516855,BBDC4.SA,1.0
2017-08-09,11.050909042358398,11.050909042358398,10.907934648042117,10.967216628472402,10366355,0.0006314977757686524,BBDC4.SA,1.0
2017-08-10,10.946297645568848,11.085785058276198,10.845168833138956,11.085785058276198,11211082,-0.009466315973516104,BBDC4.SA,1.0
2017-08-11,11.04393482208252,11.085780444188456,10.869574752335792,10.91839561860801,14456816,0.008919652989081372,BBDC4.SA,1.0
2017-08-14,11.263626098632812,11.308959921262645,11.002086612042545,11.019521798763098,18590321,0.019892482171392167,BBDC4.SA,1.0
2017-08-15,11.291521072387695,11.417060231943077,11.267110647791428,11.315931496983962,12444967,0.0024765535992239407,BBDC4.SA,1.0
2017-08-16,11.291521072387695,11.399623880494904,11.162494876258268,11.347315994728323,23259688,0.0,BBDC4.SA,1.0
2017-08-17,11.197368621826172,11.298497376756131,11.155523006096026,11.228753125768325,11509231,-0.008338331918076425,BBDC4.SA,1.0
2017-08-18,11.427531242370605,11.455428727711038,11.186914993092273,11.21132543883752,16628896,0.020555063275830232,BBDC4.SA,1.0
2017-08-21,11.42403507232666,11.507727461458362,11.350803793619665,11.451932535370561,11117965,-0.00030594272461770267,BBDC4.SA,1.0
2017-08-22,11.682083129882812,11.751827352775749,11.476339834217397,11.507724325517023,23973349,0.022588170985332612,BBDC4.SA,1.0
2017-08-23,11.786703109741211,11.849472108642761,11.64721579630554,11.682086163941953,16114997,0.008955592824945846,BBDC4.SA,1.0
2017-08-24,11.82506275177002,11.870396570951792,11.755319673036029,11.80413936071858,19674517,0.003254484453511619,BBDC4.SA,1.0
2017-08-25,11.835527420043945,11.877373042013339,11.762294952296227,11.835527420043945,12341660,0.0008849566800277486,BBDC4.SA,1.0
2017-08-28,11.654191970825195,11.873885865771504,11.577474803346165,11.856449508483545,22816592,-0.015321281661825337,BBDC4.SA,1.0
2017-08-29,11.852967262268066,11.852967262268066,11.542606754834388,11.629787407938377,13016141,0.017056119543978676,BBDC4.SA,1.0
2017-08-30,11.734393119812012,11.866906335990796,11.647213710598487,11.85295702285618,11425075,-0.010003751789099735,BBDC4.SA,1.0
2017-08-31,11.709986686706543,11.800653162940469,11.598396817933034,11.77624273307399,14205752,-0.0020799058678425686,BBDC4.SA,1.0
2017-09-01,11.95408821105957,12.079627380855806,11.772754114371237,11.772754114371237,14556433,0.02084558513035173,BBDC4.SA,1.0
2017-09-04,11.950249671936035,11.953738642306908,11.831618833196394,11.92233673974306,7439853,-0.00032110680929919866,BBDC4.SA,1.0
2017-09-05,11.77927303314209,12.177032893074337,11.643197445431731,12.138653078786845,31203426,-0.014307369593747232,BBDC4.SA,1.0
2017-09-06,11.957221031188965,12.04095978167644,11.835101289295553,11.87348228070149,26445335,0.015106874384030355,BBDC4.SA,1.0
2017-09-07,11.957221031188965,11.957221031188965,11.957221031188965,11.957221031188965,0,0.0,BBDC4.SA,1.0
2017-09-08,11.863014221191406,12.013046880104527,11.835101304326797,12.00606777396936,14782197,-0.007878654225077164,BBDC4.SA,1.0
2017-09-11,12.320088386535645,12.386382291738935,11.995600304776927,12.03049232613668,19469484,0.038529344804101084,BBDC4.SA,1.0
2017-09-12,12.302640914916992,12.501520249558133,12.250304063291685,12.250304063291685,17319717,-0.0014161807181286568,BBDC4.SA,1.0
2017-09-13,12.354985237121582,12.459659003664354,12.267757488077855,12.32707231065856,17968723,0.004254722426395574,BBDC4.SA,1.0
2017-09-14,12.260775566101074,12.410808242178389,12.246819690684852,12.285199517304951,14347887,-0.007625235418124765,BBDC4.SA,1.0
2017-09-15,12.52246379852295,12.536420847484823,12.204953503818201,12.299160368939763,30785279,0.021343530106317177,BBDC4.SA,1.0
2017-09-18,12.630624771118164,12.707385606573173,12.46663619187479,12.46663619187479,16643303,0.008637355582371331,BBDC4.SA,1.0
2017-09-19,12.668994903564453,12.696908976197594,12.494539549568447,12.613170265972537,16197923,0.0030378649624702714,BBDC4.SA,1.0
2017-09-20,12.595734596252441,12.756234214828371,12.34800722911805,12.682962344810903,16202316,-0.005782645574464618,BBDC4.SA,1.0
2017-09-21,12.59921932220459,12.728317001354709,12.480588548434742,12.644578250636476,13241554,0.00027665920756891893,BBDC4.SA,1.0
2017-09-22,12.56782341003418,12.68296410084229,12.48059448017261,12.613182360024124,9299904,-0.0024918934552617955,BBDC4.SA,1.0
2017-09-25,12.354985237121582,12.567821739861785,12.267757488077855,12.51199588693574,16666494,-0.016935165777605343,BBDC4.SA,1.0
2017-09-26,12.341025352478027,12.522459917394663,12.32009037013659,12.421275143765627,12826745,-0.0011298989335585263,BBDC4.SA,1.0
2017-09-27,12.211931228637695,12.456170811975628,12.09679054593969,12.417789804925741,13946079,-0.010460567104694452,BBDC4.SA,1.0
2017-09-28,12.0584077835083,12.211928266796003,11.992113864330767,12.211928266796003,15679281,-0.0125715943084721,BBDC4.SA,1.0
2017-09-29,12.229372024536133,12.295665931480826,12.107252285019769,12.14214430729606,13329576,0.014178011234754484,BBDC4.SA,1.0
2017-10-02,12.351489067077637,12.368935076057895,12.128185764411219,12.194479663156052,14325222,0.009985553002762382,BBDC4.SA,1.0
2017-10-03,12.881760597229004,12.881760597229004,12.18356246352358,12.365094259051489,31477681,0.042931789622417504,BBDC4.SA,0.0
2017-10-04,12.79798698425293,12.878279844208567,12.717694124297289,12.857333626426012,17644747,-0.006503273550518718,BBDC4.SA,1.0
